-- --------------------------------------------------------
-- Host:                         127.0.0.1
-- Server version:               11.7.2-MariaDB - mariadb.org binary distribution
-- Server OS:                    Win64
-- HeidiSQL Version:             12.10.0.7000
-- --------------------------------------------------------

/*!40101 SET @OLD_CHARACTER_SET_CLIENT=@@CHARACTER_SET_CLIENT */;
/*!40101 SET NAMES utf8 */;
/*!50503 SET NAMES utf8mb4 */;
/*!40103 SET @OLD_TIME_ZONE=@@TIME_ZONE */;
/*!40103 SET TIME_ZONE='+00:00' */;
/*!40014 SET @OLD_FOREIGN_KEY_CHECKS=@@FOREIGN_KEY_CHECKS, FOREIGN_KEY_CHECKS=0 */;
/*!40101 SET @OLD_SQL_MODE=@@SQL_MODE, SQL_MODE='NO_AUTO_VALUE_ON_ZERO' */;
/*!40111 SET @OLD_SQL_NOTES=@@SQL_NOTES, SQL_NOTES=0 */;


-- Dumping database structure for conturi
DROP DATABASE IF EXISTS `conturi`;
CREATE DATABASE IF NOT EXISTS `conturi` /*!40100 DEFAULT CHARACTER SET utf8mb4 COLLATE utf8mb4_uca1400_ai_ci */;
USE `conturi`;

-- Dumping structure for table conturi.conturi
DROP TABLE IF EXISTS `conturi`;
CREATE TABLE IF NOT EXISTS `conturi` (
  `Username` varchar(50) DEFAULT NULL,
  `Parola` varchar(300) DEFAULT NULL,
  `Nume` varchar(50) DEFAULT NULL,
  `Prenume` varchar(50) DEFAULT NULL,
  `Email` varchar(50) DEFAULT NULL,
  `ID` int(11) NOT NULL AUTO_INCREMENT,
  PRIMARY KEY (`ID`),
  UNIQUE KEY `Email` (`Email`),
  UNIQUE KEY `Username` (`Username`)
) ENGINE=InnoDB AUTO_INCREMENT=34 DEFAULT CHARSET=utf8mb4 COLLATE=utf8mb4_uca1400_ai_ci;

-- Dumping data for table conturi.conturi: ~2 rows (approximately)
DELETE FROM `conturi`;
INSERT INTO `conturi` (`Username`, `Parola`, `Nume`, `Prenume`, `Email`, `ID`) VALUES
	('user', '$2a$10$mOMRtl/5UajfITquQFpS5O9levOaNV8bPNKjjCBSz3duvFe2fLWeG', 'user', 'user', 'user23@gmail.com', 31),
	('profesor', '$2a$10$Fg9G2a/HESa4CCZxdpbTTexEK8MHw3viuqTc9l3ZM0pr6UHgfsGaq', 'profesor', 'profesor', 'profesor34@gmail.com', 32),
	('admin', '$2a$10$/7NPOhn2JHvCbCrRVdj3X.QusnId2PU807iDpywNRKnOoCVtRQb4i', 'admin', 'admin', 'admin56@gmail.com', 33);

-- Dumping structure for table conturi.permisiuni
DROP TABLE IF EXISTS `permisiuni`;
CREATE TABLE IF NOT EXISTS `permisiuni` (
  `ID` int(11) NOT NULL AUTO_INCREMENT,
  `Permisiune` varchar(50) DEFAULT NULL,
  PRIMARY KEY (`ID`)
) ENGINE=InnoDB AUTO_INCREMENT=9 DEFAULT CHARSET=utf8mb4 COLLATE=utf8mb4_uca1400_ai_ci;

-- Dumping data for table conturi.permisiuni: ~8 rows (approximately)
DELETE FROM `permisiuni`;
INSERT INTO `permisiuni` (`ID`, `Permisiune`) VALUES
	(1, 'accesare_catalog'),
	(2, 'GET_ACCOUNTS'),
	(3, 'VIEW_LECTURES'),
	(4, 'TAKE_TEST'),
	(5, 'SEE_NOTIFICATIONS'),
	(6, 'SEE_OTHER_TESTS'),
	(7, 'SEE_UNFILTERED_LECTURES'),
	(8, 'SEE_PERMISSIONS');

-- Dumping structure for table conturi.relatie_cont_rol
DROP TABLE IF EXISTS `relatie_cont_rol`;
CREATE TABLE IF NOT EXISTS `relatie_cont_rol` (
  `ID_cont` int(11) DEFAULT NULL,
  `ID_rol` int(11) DEFAULT NULL,
  KEY `fk_conturi` (`ID_cont`),
  KEY `fk_cont_rol` (`ID_rol`),
  CONSTRAINT `fk_cont_rol` FOREIGN KEY (`ID_rol`) REFERENCES `roluri` (`ID`) ON DELETE CASCADE ON UPDATE CASCADE,
  CONSTRAINT `fk_conturi` FOREIGN KEY (`ID_cont`) REFERENCES `conturi` (`ID`) ON DELETE CASCADE ON UPDATE CASCADE
) ENGINE=InnoDB DEFAULT CHARSET=utf8mb4 COLLATE=utf8mb4_uca1400_ai_ci;

-- Dumping data for table conturi.relatie_cont_rol: ~3 rows (approximately)
DELETE FROM `relatie_cont_rol`;
INSERT INTO `relatie_cont_rol` (`ID_cont`, `ID_rol`) VALUES
	(31, 1),
	(32, 2),
	(33, 3);

-- Dumping structure for table conturi.relatie_rol_permisiune
DROP TABLE IF EXISTS `relatie_rol_permisiune`;
CREATE TABLE IF NOT EXISTS `relatie_rol_permisiune` (
  `ID_rol` int(11) DEFAULT NULL,
  `ID_permisiune` int(11) DEFAULT NULL,
  KEY `fk_roluri` (`ID_rol`),
  KEY `fk_permisuni` (`ID_permisiune`),
  CONSTRAINT `fk_permisuni` FOREIGN KEY (`ID_permisiune`) REFERENCES `permisiuni` (`ID`) ON DELETE CASCADE ON UPDATE CASCADE,
  CONSTRAINT `fk_roluri` FOREIGN KEY (`ID_rol`) REFERENCES `roluri` (`ID`) ON DELETE CASCADE ON UPDATE CASCADE
) ENGINE=InnoDB DEFAULT CHARSET=utf8mb4 COLLATE=utf8mb4_uca1400_ai_ci;

-- Dumping data for table conturi.relatie_rol_permisiune: ~13 rows (approximately)
DELETE FROM `relatie_rol_permisiune`;
INSERT INTO `relatie_rol_permisiune` (`ID_rol`, `ID_permisiune`) VALUES
	(3, 1),
	(3, 2),
	(3, 3),
	(3, 4),
	(3, 5),
	(3, 6),
	(3, 7),
	(3, 8),
	(2, 1),
	(2, 5),
	(2, 6),
	(1, 1),
	(1, 3),
	(1, 4);

-- Dumping structure for table conturi.roluri
DROP TABLE IF EXISTS `roluri`;
CREATE TABLE IF NOT EXISTS `roluri` (
  `ID` int(11) NOT NULL AUTO_INCREMENT,
  `Rol` varchar(50) DEFAULT NULL,
  PRIMARY KEY (`ID`)
) ENGINE=InnoDB AUTO_INCREMENT=4 DEFAULT CHARSET=utf8mb4 COLLATE=utf8mb4_uca1400_ai_ci;

-- Dumping data for table conturi.roluri: ~3 rows (approximately)
DELETE FROM `roluri`;
INSERT INTO `roluri` (`ID`, `Rol`) VALUES
	(1, 'User'),
	(2, 'Profesor'),
	(3, 'Admin');

-- Dumping structure for trigger conturi.after_user_insert
DROP TRIGGER IF EXISTS `after_user_insert`;
SET @OLDTMP_SQL_MODE=@@SQL_MODE, SQL_MODE='STRICT_TRANS_TABLES,ERROR_FOR_DIVISION_BY_ZERO,NO_AUTO_CREATE_USER,NO_ENGINE_SUBSTITUTION';
DELIMITER //
CREATE TRIGGER `after_user_insert` AFTER INSERT ON `conturi` FOR EACH ROW INSERT INTO relatie_cont_rol (ID_cont,ID_rol ) VALUES (NEW.ID, 1)//
DELIMITER ;
SET SQL_MODE=@OLDTMP_SQL_MODE;


-- Dumping database structure for teste
DROP DATABASE IF EXISTS `teste`;
CREATE DATABASE IF NOT EXISTS `teste` /*!40100 DEFAULT CHARACTER SET utf8mb4 COLLATE utf8mb4_uca1400_ai_ci */;
USE `teste`;

-- Dumping structure for table teste.answers
DROP TABLE IF EXISTS `answers`;
CREATE TABLE IF NOT EXISTS `answers` (
  `answer_id` int(11) NOT NULL AUTO_INCREMENT,
  `text` text DEFAULT NULL,
  PRIMARY KEY (`answer_id`)
) ENGINE=InnoDB AUTO_INCREMENT=461 DEFAULT CHARSET=utf8mb4 COLLATE=utf8mb4_uca1400_ai_ci;

-- Dumping data for table teste.answers: ~419 rows (approximately)
DELETE FROM `answers`;
INSERT INTO `answers` (`answer_id`, `text`) VALUES
	(1, '2013\r\n'),
	(2, '200013'),
	(3, '213'),
	(4, '20013'),
	(5, '200000013'),
	(6, 'clasa milioanelor, clasa miilor, clasa unităților'),
	(7, 'clasa miilor, clasa unităților'),
	(8, 'clasa miliardelor, clasa milioanelor, clasa miilor, clasa unităților'),
	(9, 'clasa miliardelor, clasa milioanelor'),
	(10, 'clasa milioanelor'),
	(11, '1000'),
	(12, '500'),
	(13, '1500'),
	(14, '1050'),
	(15, '15000'),
	(16, '50'),
	(17, '10'),
	(18, '40'),
	(19, '400'),
	(20, '100'),
	(21, 'MMCDXLIX'),
	(22, 'MMDCXLIX'),
	(23, 'MMCDXLXI'),
	(24, 'MMDCXLXI'),
	(25, 'MMCDLXIX'),
	(26, '240, 246'),
	(27, '240, 250'),
	(28, '246, 250'),
	(29, '246, 246'),
	(30, '245, 250'),
	(31, '3450'),
	(32, '3460'),
	(33, '3400'),
	(34, '3500'),
	(35, '3452'),
	(36, '1760'),
	(37, '1758'),
	(38, '1800'),
	(39, '1858'),
	(40, '1759'),
	(41, '65'),
	(42, '66'),
	(43, '60'),
	(44, '70'),
	(45, '75'),
	(46, '725'),
	(47, '700'),
	(48, '720'),
	(49, '726'),
	(50, '730'),
	(51, '154'),
	(52, '158'),
	(53, '152'),
	(54, '150'),
	(55, '156'),
	(56, '12688'),
	(57, '12689'),
	(58, '12685'),
	(59, '12682'),
	(60, '12690'),
	(61, '740'),
	(62, '744'),
	(63, '742'),
	(64, '748'),
	(65, '746'),
	(66, '70'),
	(67, '71'),
	(68, '73'),
	(69, '75'),
	(70, '79'),
	(71, '159'),
	(72, '157'),
	(73, '160'),
	(74, '162'),
	(75, '168'),
	(76, '157'),
	(77, '159'),
	(78, '153'),
	(79, '152'),
	(80, '154'),
	(81, '3916'),
	(82, '2316'),
	(83, '3910'),
	(84, '1310'),
	(85, '2312'),
	(86, '3930'),
	(87, '4950'),
	(88, '3970'),
	(89, '4965'),
	(90, '5955'),
	(91, '565'),
	(92, '465'),
	(93, '150'),
	(94, '225'),
	(95, '120'),
	(96, '130'),
	(97, '458'),
	(98, '980'),
	(99, '12345'),
	(100, '8'),
	(101, '355'),
	(102, '89'),
	(103, '123'),
	(104, '458'),
	(105, '90'),
	(106, '3'),
	(107, '5'),
	(108, '6'),
	(109, '9'),
	(110, '0'),
	(111, '1'),
	(112, '7'),
	(113, '8'),
	(114, '6'),
	(115, '3'),
	(116, '70'),
	(117, '74'),
	(118, '76'),
	(119, '60'),
	(120, '62'),
	(121, '966'),
	(122, '963'),
	(123, '967'),
	(124, '700'),
	(125, '725'),
	(126, '400'),
	(127, '300'),
	(128, '100'),
	(129, '450'),
	(130, '350'),
	(131, '1530'),
	(132, '1532'),
	(133, '1536'),
	(134, '1432'),
	(135, '1436'),
	(136, '54'),
	(137, '56'),
	(138, '45'),
	(139, '35'),
	(140, '40'),
	(141, '70'),
	(142, '20'),
	(143, '90'),
	(144, '100'),
	(145, '95'),
	(146, '160'),
	(147, '170'),
	(148, '17'),
	(149, '34'),
	(150, '85'),
	(151, '120'),
	(152, '30'),
	(153, '360'),
	(154, '36'),
	(155, '365'),
	(156, '340'),
	(157, '100'),
	(158, '440'),
	(159, '445'),
	(160, '450'),
	(161, '1750'),
	(162, '210'),
	(163, '1535'),
	(164, '1540'),
	(165, '1545'),
	(166, '520'),
	(167, '45'),
	(168, '665'),
	(169, '55'),
	(170, '530'),
	(171, '20'),
	(172, '24'),
	(173, '26'),
	(174, '16'),
	(175, '14'),
	(176, '300'),
	(177, '304'),
	(178, '206'),
	(179, '210'),
	(180, '220'),
	(181, '153 rest 25'),
	(182, '154 rest 25'),
	(183, '154 rest 20'),
	(184, '152 rest 20'),
	(185, '155 rest 20'),
	(186, '= 802 rest 110'),
	(187, '= 802 rest 119'),
	(188, '= 804 rest 119'),
	(189, '= 804 rest 110'),
	(190, '= 806 rest 110'),
	(191, '6557 rest 0'),
	(192, '6557 rest 1'),
	(193, '6556 rest 0'),
	(194, '6558 rest 0'),
	(195, '6558 rest 1'),
	(196, '739'),
	(197, '735'),
	(198, '738'),
	(199, '720'),
	(200, '740'),
	(201, '739'),
	(202, 'x = 0, x = 34.'),
	(203, 'x = 1, x = 35, x = 69.'),
	(204, 'x = 1, x = 34, x = 68.'),
	(205, 'x = 0, x = 35, x = 69.'),
	(206, 'x = 0, x = 34, x = 68.'),
	(207, 'î = 2, c = 17'),
	(208, 'î = 17, c = 3'),
	(209, 'î = 16, c = 2'),
	(210, 'î = 17, c = 2'),
	(211, 'î = 16, c = 3'),
	(212, 'a = 57, b = 12'),
	(213, 'a = 55, b = 12'),
	(214, 'a = 55, b = 14'),
	(215, 'a = 13, b = 56'),
	(216, 'a = 57, b = 14'),
	(217, 'a = 37, b = 38, c = 39, d = 40, e = 41'),
	(218, 'a = 39, b = 40, c = 41, d = 42, e = 43'),
	(219, 'a = 38, b = 39, c = 40, d = 41, e = 42'),
	(220, '2^2014'),
	(221, '3^2015'),
	(222, '2015'),
	(223, '2^2011'),
	(224, '1'),
	(225, '27'),
	(226, '2015'),
	(227, '(3)^7'),
	(228, '81'),
	(229, '62; 51; 69; 94; 47; 12'),
	(230, '123,45,61; 52; 63; 94; 46;'),
	(231, '61; 52; 63; 94; 46; 18'),
	(232, '61; 52; 62; 94; 45; 19'),
	(233, '62; 51; 63; 94; 48; 18'),
	(234, 'x = 3'),
	(235, 'x = 9'),
	(236, 'x = 1'),
	(237, 'x = 2'),
	(238, 'x = 4'),
	(239, 'N este pătrat perfect.'),
	(240, 'N nu este pătrat perfect.'),
	(241, '2|24 '),
	(242, '3|24'),
	(243, '6|24'),
	(244, '5|24'),
	(245, '9|24'),
	(246, 'Multiplul numărului 5'),
	(247, 'Multiplu al numărului 10'),
	(248, 'Cel mai mare număr natural'),
	(249, 'Divizor al numărului 10'),
	(250, 'Divizor al numărului 5'),
	(251, 'este un multiplu al numărului 36'),
	(252, 'este un divizor al numărului 36'),
	(253, 'este divizibil cu 36'),
	(254, 'divide pe 36'),
	(255, 'divide pe 5'),
	(256, '24, 45, 130, 2394, 75, 128, 125'),
	(257, '24, 130, 2394, 128'),
	(258, '24, 130, 45, 75'),
	(259, '2394, 128'),
	(260, '45, 75, 125'),
	(261, '5, 14, 32, 42'),
	(262, '20, 25, 30, 35'),
	(263, '10, 15, 40'),
	(264, '10, 15, 20, 25, 30, 35, 40'),
	(265, '5, 10, 15, 20, 25, 30, 35, 40'),
	(266, '54, 60, 70, 100, 124, 128'),
	(267, '60, 70, 80, 90, 100'),
	(268, '60, 70, 80, 90, 100, 110, 120'),
	(269, '65, 75, 85, 95, 105, 115, 125'),
	(270, '60, 65, 70, 75, 80, 85, 90, 95, 100'),
	(271, '3 E M'),
	(272, '8 E M'),
	(273, '5 E M'),
	(274, '13 E M'),
	(275, 'A = { 0, 1, 2, 3, 4, 5, 6, 7, 8, 9, 10 }'),
	(276, 'A = { 0, 1, 2, 3, 4, 5, 6, 7, 8, 9 }'),
	(277, 'A = { 1, 2, 3, 4, 5, 6, 7, 8, 9 }'),
	(278, 'A = { 1, 2, 3, 4, 5, 6, 7, 8, 9, 10 }\n\n'),
	(279, 'A = { 0, 2, 4, 6, 8 }'),
	(280, 'B = { 184, 185, 186, 187, 188, 189 }'),
	(281, 'B = { 183, 184, 185, 186, 187, 188, 189 }'),
	(282, 'B = { 184, 185, 186, 187, 188, 189, 190 }'),
	(283, 'B = { 183, 184, 185, 186, 187, 188, 189, 190 }'),
	(284, 'B = { 183, 190 }'),
	(285, '{ 6, 7 } ⊆ M'),
	(286, '{ 8, 9, 10 } ⊆ M'),
	(287, '{ a, 8, b } ⊆ M'),
	(288, '{ 5, 6, 7 } ⊆ M '),
	(289, '{ a, b, c, d } ⊆ M'),
	(290, '{ 2 } ∈ A'),
	(291, '{ 4, 6 } ∈ A'),
	(292, '{ x, y } ⊆ A'),
	(293, '6 ∈ A'),
	(294, '4 ∈ A'),
	(295, 'M = N'),
	(296, 'M ⊆ N'),
	(297, 'N ⊆ M'),
	(298, 'M ∈ N'),
	(299, 'Nu se poate stabili nicio relație între cele două mulțimi'),
	(300, 'A ∪ B = { 5, 6, 7, 8, 9 }'),
	(301, 'A ∪ B = { 5, 6, 7, 8, 9, 10 }'),
	(302, 'A ∪ B = { 6, 7, 8, 9, 10 }'),
	(303, 'A ∪ B = { 5, 6, 7, 9, 10 }'),
	(304, 'A ∪ B = { 7, 8 }'),
	(305, 'A ∩ B = { 11, 13 }'),
	(306, 'A ∩ B = { 11 }'),
	(307, 'A ∩ B = { 13 }'),
	(308, 'A ∩ B = { 10, 11, 12, 13, 14, 15, 16 }'),
	(309, 'A ∩ B = ∅'),
	(310, 'A \\ B = { 10, 20 }'),
	(311, 'A \\ B = { 10, 40 }'),
	(312, 'A \\ B = { 10, 20, 30 }'),
	(313, 'A \\ B = { 25, 35 }'),
	(314, 'A \\ B = { 10, 20, 30, 40, 25, 35 }\n\n'),
	(315, '1/4 ; 1/8 ; 1/2'),
	(316, '1/2 ; 1/8 ; 1/4'),
	(317, '1/3 ; 1/5 ; 1/4'),
	(318, '1/2 ; 1/18 ; 1/4'),
	(319, '1/2 ; 1/8 ; 1/3'),
	(320, '2/7, 3/4, 2/3'),
	(321, '2/7, 7/2, 3/4, 4/3, 2/3, 3/2'),
	(322, '7/2, 4/3, 3/2'),
	(323, '1/3, 1/5, 2/5, 5/2'),
	(324, '1/3, 1/5, 2/5'),
	(325, '3/2, 2/5, 5/3'),
	(326, '2/3, 3/2, 5/2, 3/5'),
	(327, ' 1/3, 1/2, 1/5, 5/2, 3/5'),
	(328, '1/3, 1/2, 5/2, 3/5'),
	(329, '2/3, 3/2, 2/5, 5/2, 3/5, 5/3'),
	(330, 'A = { 5/1 ; 5/2 ; 5/3 ; 5/4 }'),
	(331, 'A = { 1/5 ; 2/5 ; 3/5 ; 4/5 }'),
	(332, 'Nu există'),
	(333, 'A = { 5/1 ; 5/2 ; 5/3 ; 9/5 }'),
	(334, 'A = { 5/1 ; 5/2 ; 5/3 ; 4/5 }'),
	(335, 'A = { 35/44, 7/13, 111/112 }'),
	(336, 'A = { 3/4, 7/13, 111/112 }'),
	(337, 'A = { 3/4, 7/13, 8/8 }'),
	(338, 'A = { 3/4, 7/13, 15^0/1, 111/112, 28/3², 2³/8 }'),
	(339, 'A = { 3/4, 15^0/1, 111/112, 28/3², 2³/8 }\n\n'),
	(340, '11'),
	(341, '12'),
	(342, '14'),
	(343, '0'),
	(344, 'o infinitate'),
	(345, '17/9'),
	(346, '18/9'),
	(347, '19/9'),
	(348, '2/9'),
	(349, '1'),
	(350, '14/4'),
	(351, '7/2'),
	(352, '12/4'),
	(353, '3'),
	(354, '1/4'),
	(355, '16/6'),
	(356, '15/6'),
	(357, '5/2'),
	(358, '8/3'),
	(359, '6'),
	(360, '{ 1; 2; 4; 8 }'),
	(361, '{ 1; 2; 4; 16 }'),
	(362, '{ 1; 2; 4; 8, 16 }'),
	(363, '{ 1; 8 }'),
	(364, '{ 15 }'),
	(365, '(22, 23)'),
	(366, '(2, 9)'),
	(367, '(2, 42)'),
	(368, '(10, 15)'),
	(369, '(0, 12)'),
	(370, '(10 + 16 + 24) : 3'),
	(371, '(10 + 16 + 24) : 4'),
	(372, '(10 + 16 + 24) : 2'),
	(373, '(10 + 16 + 24) : 10'),
	(374, '(10 + 16 + 24) : 5'),
	(375, '132'),
	(376, '135'),
	(377, '138'),
	(378, '214'),
	(379, '130'),
	(380, '1'),
	(381, '2'),
	(382, '3'),
	(383, '4'),
	(384, '5'),
	(385, '2²'),
	(386, '2³ '),
	(387, '3²'),
	(388, '2⁵'),
	(389, '3'),
	(390, '168'),
	(391, 'x = 30'),
	(392, 'x = 14'),
	(393, 'x = 35'),
	(394, 'x = 5'),
	(395, 'x = 7'),
	(396, 'x = 5'),
	(397, 'x = -5'),
	(398, 'x = 7'),
	(399, ' x = -7'),
	(400, 'x = 3 '),
	(401, 'x ∈ { -4, -3, -2, -1 }'),
	(402, '{ x ∈ ℤ | x ≥ -2 }'),
	(403, 'x ∈ { -7, -6, -5 }'),
	(404, 'x ∈ { 0, 1, 2, 3, 4 }'),
	(405, '{ x ∈ ℤ | x > -4 }'),
	(406, '2 cm'),
	(407, '4 cm'),
	(408, '6 km'),
	(409, '8 cm'),
	(410, '6 cm'),
	(411, '5 cm'),
	(412, '10 cm'),
	(413, '12 cm'),
	(414, '13 cm'),
	(415, '14 km'),
	(416, '30 cm'),
	(417, '40 cm'),
	(418, '120 cm'),
	(419, '50 cm'),
	(420, '121 cm'),
	(421, '12 cm'),
	(422, '36 cm'),
	(423, '18 cm'),
	(424, '10 cm'),
	(425, '1 cm'),
	(426, 'nul'),
	(427, 'obtuz'),
	(428, 'ascuţit unghic'),
	(429, 'ascuţit'),
	(430, 'drept'),
	(431, '33° 07\' 30\'\''),
	(432, '35° 07\' 30\'\''),
	(433, '35° 07\' 20\'\''),
	(434, '35° 07\' 33\'\''),
	(435, '−35° 07\' 30\'\''),
	(436, '30°'),
	(437, '15°'),
	(438, '45°'),
	(439, '42°'),
	(440, '145°'),
	(441, '10°'),
	(442, ' 100° '),
	(443, '90°'),
	(444, '120°'),
	(445, '150°'),
	(446, 'vârful comun și o latură comună'),
	(447, 'vârful comun și o latură a unui unghi ce prelungește latura celuilalt unghi'),
	(448, 'vârful comun și laturile unui unghi ce prelungesc laturile celuilalt unghi'),
	(449, 'suma unghiurilor 180 '),
	(450, 'suma unghiurilor 90 '),
	(451, '210°'),
	(452, '220°'),
	(453, '230°'),
	(454, '240°'),
	(455, '20°'),
	(456, '120 cm²'),
	(457, '150 cm²'),
	(458, '130 cm²'),
	(459, ' 300 cm²'),
	(460, '220 cm²');

-- Dumping structure for table teste.attempts
DROP TABLE IF EXISTS `attempts`;
CREATE TABLE IF NOT EXISTS `attempts` (
  `attempt_id` int(11) NOT NULL AUTO_INCREMENT,
  `user_id` int(11) DEFAULT NULL,
  `lecture_id` int(11) DEFAULT NULL,
  PRIMARY KEY (`attempt_id`)
) ENGINE=InnoDB AUTO_INCREMENT=35 DEFAULT CHARSET=utf8mb4 COLLATE=utf8mb4_uca1400_ai_ci;

-- Dumping data for table teste.attempts: ~11 rows (approximately)
DELETE FROM `attempts`;
INSERT INTO `attempts` (`attempt_id`, `user_id`, `lecture_id`) VALUES
	(23, 33, 1),
	(24, 31, 1),
	(25, 33, 1),
	(26, 33, 10),
	(27, 33, 10),
	(28, 33, 10),
	(29, 33, 10),
	(30, 33, 11),
	(31, 33, 12),
	(32, 33, 12),
	(33, 33, 13),
	(34, 33, 14);

-- Dumping structure for table teste.attempt_info
DROP TABLE IF EXISTS `attempt_info`;
CREATE TABLE IF NOT EXISTS `attempt_info` (
  `attempt_id` int(11) DEFAULT NULL,
  `question_id` int(11) DEFAULT NULL,
  `answer_id` int(11) DEFAULT NULL
) ENGINE=InnoDB DEFAULT CHARSET=utf8mb4 COLLATE=utf8mb4_uca1400_ai_ci;

-- Dumping data for table teste.attempt_info: ~48 rows (approximately)
DELETE FROM `attempt_info`;
INSERT INTO `attempt_info` (`attempt_id`, `question_id`, `answer_id`) VALUES
	(23, 1, 4),
	(23, 104, 7),
	(24, 1, 4),
	(25, 1, 4),
	(25, 2, 7),
	(25, 3, 13),
	(25, 4, 18),
	(25, 5, 24),
	(26, 6, 27),
	(26, 7, 34),
	(26, 8, 38),
	(26, 9, 44),
	(26, 10, 47),
	(27, 6, 27),
	(27, 7, 34),
	(27, 8, 36),
	(27, 9, 44),
	(27, 10, 47),
	(28, 6, 27),
	(28, 7, 33),
	(28, 8, 36),
	(28, 9, 43),
	(28, 10, 47),
	(29, 6, 27),
	(29, 7, 33),
	(29, 8, 38),
	(29, 9, 44),
	(29, 10, 47),
	(30, 11, 52),
	(30, 12, 56),
	(30, 13, 64),
	(30, 14, 67),
	(30, 15, 73),
	(31, 16, 77),
	(31, 17, 81),
	(31, 18, 87),
	(31, 19, 92),
	(31, 20, 94),
	(32, 16, 78),
	(32, 17, 81),
	(32, 18, 87),
	(32, 19, 92),
	(32, 20, 95),
	(33, 21, 96),
	(33, 22, 101),
	(33, 23, 107),
	(33, 24, 113),
	(33, 25, 118),
	(34, 26, 121),
	(34, 27, 130),
	(34, 28, 132),
	(34, 29, 137),
	(34, 30, 143);

-- Dumping structure for table teste.chapters
DROP TABLE IF EXISTS `chapters`;
CREATE TABLE IF NOT EXISTS `chapters` (
  `chapter_id` int(11) NOT NULL AUTO_INCREMENT,
  `subject_id` int(11) NOT NULL,
  `grade_id` int(11) NOT NULL,
  `name` varchar(255) NOT NULL,
  PRIMARY KEY (`chapter_id`),
  KEY `subject_id` (`subject_id`),
  KEY `grade_id` (`grade_id`),
  CONSTRAINT `chapters_ibfk_1` FOREIGN KEY (`subject_id`) REFERENCES `subjects` (`subject_id`),
  CONSTRAINT `chapters_ibfk_2` FOREIGN KEY (`grade_id`) REFERENCES `grades` (`grade_id`)
) ENGINE=InnoDB AUTO_INCREMENT=10 DEFAULT CHARSET=utf8mb4 COLLATE=utf8mb4_uca1400_ai_ci;

-- Dumping data for table teste.chapters: ~8 rows (approximately)
DELETE FROM `chapters`;
INSERT INTO `chapters` (`chapter_id`, `subject_id`, `grade_id`, `name`) VALUES
	(1, 1, 1, 'Numere naturale'),
	(2, 1, 1, 'Divizibilitatea numerelor naturale'),
	(3, 1, 1, 'Multimi'),
	(4, 1, 1, 'Numere Rationale'),
	(5, 2, 2, 'Divizibilitate'),
	(6, 2, 2, 'Ecuaţii, inecuaţii şi sisteme de ecuatii\r\n'),
	(7, 3, 2, 'Triunghiul'),
	(8, 3, 2, 'Unghiuri'),
	(9, 3, 2, 'Arii');

-- Dumping structure for table teste.completed
DROP TABLE IF EXISTS `completed`;
CREATE TABLE IF NOT EXISTS `completed` (
  `user_id` int(11) DEFAULT NULL,
  `lecture_id` int(11) DEFAULT NULL
) ENGINE=InnoDB DEFAULT CHARSET=utf8mb4 COLLATE=utf8mb4_uca1400_ai_ci;

-- Dumping data for table teste.completed: ~6 rows (approximately)
DELETE FROM `completed`;
INSERT INTO `completed` (`user_id`, `lecture_id`) VALUES
	(31, 1),
	(33, 1),
	(33, 10),
	(33, 10),
	(33, 11),
	(33, 12),
	(33, 13);

-- Dumping structure for table teste.grades
DROP TABLE IF EXISTS `grades`;
CREATE TABLE IF NOT EXISTS `grades` (
  `grade_id` int(11) NOT NULL AUTO_INCREMENT,
  `name` varchar(50) NOT NULL,
  PRIMARY KEY (`grade_id`)
) ENGINE=InnoDB AUTO_INCREMENT=3 DEFAULT CHARSET=utf8mb4 COLLATE=utf8mb4_uca1400_ai_ci;

-- Dumping data for table teste.grades: ~1 rows (approximately)
DELETE FROM `grades`;
INSERT INTO `grades` (`grade_id`, `name`) VALUES
	(1, 'Clasa a 5-a'),
	(2, 'Clasa a 6-a');

-- Dumping structure for table teste.help
DROP TABLE IF EXISTS `help`;
CREATE TABLE IF NOT EXISTS `help` (
  `id` int(11) NOT NULL AUTO_INCREMENT,
  `user_id` int(11) DEFAULT NULL,
  `date` datetime DEFAULT NULL,
  `read` int(11) DEFAULT NULL,
  PRIMARY KEY (`id`)
) ENGINE=InnoDB AUTO_INCREMENT=3 DEFAULT CHARSET=utf8mb4 COLLATE=utf8mb4_uca1400_ai_ci;

-- Dumping data for table teste.help: ~1 rows (approximately)
DELETE FROM `help`;

-- Dumping structure for table teste.lecture
DROP TABLE IF EXISTS `lecture`;
CREATE TABLE IF NOT EXISTS `lecture` (
  `lecture_id` int(11) NOT NULL AUTO_INCREMENT,
  `titlu` varchar(255) DEFAULT NULL,
  `dificultate` int(11) DEFAULT NULL,
  `example_question_id` int(11) DEFAULT NULL,
  `continut` mediumtext DEFAULT NULL,
  `rezumat` text DEFAULT NULL,
  `chapter_id` int(11) DEFAULT NULL,
  PRIMARY KEY (`lecture_id`),
  KEY `fk_lecture_chapter` (`chapter_id`),
  CONSTRAINT `fk_lecture_chapter` FOREIGN KEY (`chapter_id`) REFERENCES `chapters` (`chapter_id`)
) ENGINE=InnoDB AUTO_INCREMENT=54 DEFAULT CHARSET=utf8mb4 COLLATE=utf8mb4_uca1400_ai_ci;

-- Dumping data for table teste.lecture: ~42 rows (approximately)
DELETE FROM `lecture`;
INSERT INTO `lecture` (`lecture_id`, `titlu`, `dificultate`, `example_question_id`, `continut`, `rezumat`, `chapter_id`) VALUES
	(1, 'Lecția 1 - Numere naturale scrise în formă arabă și romană', 1, NULL, '<h2 style="color: #1a237e; font-size: 28px; border-bottom: 2px solid #c5cae9; padding-bottom: 6px;">\r\n    Scrierea numerelor naturale cu cifre romane\r\n</h2>\r\n\r\n<h3 style="color: #3949ab; font-size: 22px; text-decoration: underline; margin-top: 25px;">\r\n    Reguli actuale de scriere\r\n</h3>\r\n\r\n<ul style="margin-left: 20px;">\r\n    <li>Se folosesc următoarele simboluri:</li>\r\n</ul>\r\n\r\n<table border="1" style="border-collapse: collapse; width: 100%; margin: 15px 0;">\r\n    <thead>\r\n        <tr style="background-color: #e3f2fd;">\r\n            <th style="padding: 8px;">Simbol</th>\r\n            <th style="padding: 8px;">Valoare</th>\r\n        </tr>\r\n    </thead>\r\n    <tbody>\r\n        <tr><td style="padding: 8px;">I</td><td style="padding: 8px;">1</td></tr>\r\n        <tr><td style="padding: 8px;">V</td><td style="padding: 8px;">5</td></tr>\r\n        <tr><td style="padding: 8px;">X</td><td style="padding: 8px;">10</td></tr>\r\n        <tr><td style="padding: 8px;">L</td><td style="padding: 8px;">50</td></tr>\r\n        <tr><td style="padding: 8px;">C</td><td style="padding: 8px;">100</td></tr>\r\n        <tr><td style="padding: 8px;">D</td><td style="padding: 8px;">500</td></tr>\r\n        <tr><td style="padding: 8px;">M</td><td style="padding: 8px;">1000</td></tr>\r\n    </tbody>\r\n</table>\r\n\r\n<ul style="margin-left: 20px;">\r\n    <li>Scrierea se face de la stânga la dreapta.</li>\r\n    <li>Simbolurile <strong>I</strong>, <strong>X</strong>, <strong>C</strong> pot fi consecutive de maximum trei ori, iar <strong>V</strong>, <strong>L</strong>, <strong>D</strong> doar o dată.</li>\r\n    <li>Orice semn pus la dreapta altuia de valoare mai mare sau egală cu el, se adună.</li>\r\n</ul>\r\n\r\n<p><strong style="color: #00695c;">Exemplu:</strong> <em>XX = 10 + 10, XII = 10 + 1 + 1</em></p>\r\n\r\n<p>Dacă un simbol mic se află în fața unui simbol mare, atunci cel mic se scade din cel mare.</p>\r\n<p><strong style="color: #00695c;">Exemplu:</strong> <em>IX = 10 – 1 = 9, XCII = 100 – 10 + 2 = 92</em></p>\r\n\r\n<p>Cel mai simplu mod de a scrie cifre romane se face prin divizarea numărului în mii, sute, zeci și unități:</p>\r\n<p><strong style="color: #00695c;">Exemplu:</strong> <em>1988 = MCMLXXXVIII</em></p>\r\n\r\n<h3 style="color: #3949ab; font-size: 22px; text-decoration: underline; margin-top: 30px;">\r\n    Adunarea și scăderea\r\n</h3>\r\n\r\n<p><strong>Adunarea:</strong> CXVI + XXIV = 140 → <span style="color: green;"><strong>Soluție:</strong> CXL</span></p>\r\n<p><strong>Scăderea:</strong> CXVI − XXIV = 92 → <span style="color: green;"><strong>Soluție:</strong> XCII</span></p>\r\n\r\n<h3 style="color: #3949ab; font-size: 22px; text-decoration: underline; margin-top: 30px;">\r\n    Echivalența cu cifrele arabe\r\n</h3>\r\n\r\n<table border="1" style="border-collapse: collapse; width: 100%; margin: 15px 0;">\r\n    <thead>\r\n        <tr style="background-color: #e3f2fd;">\r\n            <th style="padding: 8px;">Număr</th>\r\n            <th style="padding: 8px;">Descriere</th>\r\n            <th style="padding: 8px;">Exemplu</th>\r\n        </tr>\r\n    </thead>\r\n    <tbody>\r\n        <tr><td style="padding: 8px;">1</td><td style="padding: 8px;">unități</td><td style="padding: 8px;">I, II, III</td></tr>\r\n        <tr><td style="padding: 8px;">10</td><td style="padding: 8px;">zeci</td><td style="padding: 8px;">X, XX, XXX</td></tr>\r\n        <tr><td style="padding: 8px;">100</td><td style="padding: 8px;">sute</td><td style="padding: 8px;">C, CC, CCC</td></tr>\r\n        <tr><td style="padding: 8px;">1000</td><td style="padding: 8px;">mii</td><td style="padding: 8px;">M, MM, MMM</td></tr>\r\n    </tbody>\r\n</table>\r\n\r\n<h3 style="color: #3949ab; font-size: 22px; text-decoration: underline; margin-top: 30px;">\r\n    Extensia cifrelor romane\r\n</h3>\r\n\r\n<p>Se face prin lărgirea sistemei nepoziționale de calcul a cifrelor romane într-o sistemă pozițională care permite înscrierea oricărei alte valori mai mari de 3999.</p>\r\n\r\n<p><strong style="color: #00695c;">Exemple:</strong></p>\r\n<ul style="margin-left: 20px;">\r\n    <li>1000 = I M</li>\r\n    <li>1 000 000 = I M M</li>\r\n    <li>23 = XXIII</li>\r\n    <li>3 000 006 = III M VI</li>\r\n    <li>23900 = XXIII CM</li>\r\n</ul>\r\n', '<p>\r\n    În această lecție, sunt prezentate regulile de bază pentru scrierea numerelor naturale folosind cifre romane,\r\n    un sistem antic, dar încă utilizat simbolic în diverse domenii. Se explică simbolurile folosite, cum sunt\r\n    combinate pentru a forma numere, regulile de adunare și scădere, precum și exemple clare pentru o mai bună\r\n    înțelegere.\r\n</p>\r\n<p>\r\n    De asemenea, lecția oferă o echivalare între cifrele romane și cele arabe, împreună cu extensii ale\r\n    reprezentărilor numerice pentru valori mai mari de 3999. Tabele, liste și exemple vizuale completează\r\n    materialul, oferind o imagine clară și structurată asupra acestui sistem numeric istoric.\r\n</p>\r\n', 1),
	(10, 'Lectia 2- Aproximarea numerelor naturale', 1, NULL, '<h2>Aproximarea și rotunjirea numerelor naturale</h2>\r\n\r\n<h3>1. Aproximarea prin lipsă</h3>\r\n<p>\r\nAproximarea prin lipsă la ordinul zecilor, sutelor sau miilor a unui număr natural înseamnă alegerea celui mai mare număr format doar din zeci, sute sau mii, care este mai mic sau egal decât numărul dat.\r\n</p>\r\n\r\n<p><strong>Exemple:</strong></p>\r\n<ul>\r\n    <li>1821 aproximat prin lipsă la ordinul zecilor este <strong>1820</strong></li>\r\n    <li>1821 aproximat prin lipsă la ordinul sutelor este <strong>1800</strong></li>\r\n    <li>1821 aproximat prin lipsă la ordinul miilor este <strong>1000</strong></li>\r\n</ul>\r\n\r\n<h3>2. Aproximarea prin adaos</h3>\r\n<p>\r\nAproximarea prin adaos la ordinul zecilor, sutelor sau miilor a unui număr natural înseamnă alegerea celui mai mic număr format doar din zeci, sute sau mii, care este strict mai mare decât numărul dat.\r\n</p>\r\n\r\n<p><strong>Exemple:</strong></p>\r\n<ul>\r\n    <li>1821 aproximat prin adaos la ordinul zecilor este <strong>1830</strong></li>\r\n    <li>1821 aproximat prin adaos la ordinul sutelor este <strong>1900</strong></li>\r\n    <li>1821 aproximat prin adaos la ordinul miilor este <strong>2000</strong></li>\r\n</ul>\r\n\r\n<h3>3. Rotunjirea numerelor naturale</h3>\r\n<p>\r\nRotunjirea unui număr natural la ordinul zecilor, sutelor sau miilor constă în alegerea aproximării prin lipsă sau prin adaos, în funcție de care este mai apropiată de numărul dat.\r\n</p>\r\n\r\n<p><strong>Exemple:</strong></p>\r\n<ul>\r\n    <li>1821 rotunjit la ordinul zecilor este <strong>1820</strong></li>\r\n    <li>1821 rotunjit la ordinul sutelor este <strong>1800</strong></li>\r\n    <li>1821 rotunjit la ordinul miilor este <strong>2000</strong> (dacă ar fi fost 1850, s-ar fi rotunjit în sus)</li>\r\n</ul>\r\n', '<p>În această lecție sunt explicate regulile de aproximare și rotunjire a numerelor naturale la zeci, sute și mii. Prin exemple clare, elevii învață să aplice aceste tehnici pentru estimări rapide și corecte.</p>\r\n', 1),
	(11, 'Lectia 3- Operatii cu numere naturale', NULL, NULL, '<h2>Adunarea numerelor naturale</h2>\r\n\r\n<p>Adunarea numerelor naturale a și b este o operație aritmetică notată <strong>a + b</strong>. Numerele care se adună se numesc <em>termeni</em>, iar rezultatul adunării se numește <em>sumă</em>.</p>\r\n\r\n<p><strong>Exemplu:</strong> 15 + 7 = 22; 15 și 7 sunt termeni, iar 22 este suma.</p>\r\n\r\n<h3>Proprietățile adunării numerelor naturale</h3>\r\n<p>Fie <em>a</em>, <em>b</em> și <em>c</em> trei numere naturale.</p>\r\n\r\n<ol>\r\n  <li><strong>Comutativitatea:</strong> Adunarea este comutativă – putem schimba ordinea termenilor fără a modifica rezultatul.<br />\r\n  <em>Formulă:</em> a + b = b + a<br />\r\n  <em>Exemplu:</em> 12 + 9 = 9 + 12</li>\r\n\r\n  <li><strong>Asociativitatea:</strong> Adunarea este asociativă – putem grupa termenii în orice ordine.<br />\r\n  <em>Formulă:</em> (a + b) + c = a + (b + c)<br />\r\n  <em>Exemplu:</em> (14 + 3) + 8 = 14 + (3 + 8)</li>\r\n\r\n  <li><strong>Elementul neutru:</strong> Zero este elementul neutru al adunării – adăugarea lui 0 nu schimbă valoarea.<br />\r\n  <em>Formulă:</em> a + 0 = 0 + a = a<br />\r\n  <em>Exemplu:</em> 13 + 0 = 0 + 13 = 13</li>\r\n</ol>\r\n', '<p>În această lecție sunt introduse noțiunile de termen și sumă în contextul adunării numerelor naturale. Sunt prezentate proprietățile esențiale ale adunării: comutativitatea, asociativitatea și elementul neutru – ilustrate cu exemple clare și ușor de înțeles.</p>\r\n', 1),
	(12, 'Lectia 4 -Adunarea numerelor naturale. Suma lui Gauss', NULL, NULL, '<h2>Suma primelor numere naturale – Formula lui Gauss</h2>\r\n\r\n<p>Suma primelor <em>n</em> numere naturale consecutive poate fi calculată rapid folosind o formulă matematică elegantă, cunoscută și sub numele de <strong>formula lui Gauss</strong>.</p>\r\n\r\n<h3>1. Suma primelor <em>n</em> numere naturale:</h3>\r\n<p><strong>Formula:</strong> S = 1 + 2 + 3 + ... + n = n × (n + 1) : 2</p>\r\n<p><strong>Exemplu:</strong> Pentru n = 21, avem:<br/>\r\nS = 1 + 2 + 3 + ... + 21 = 21 × (21 + 1) : 2 = 21 × 22 : 2 = 231</p>\r\n\r\n<h3>2. Suma primelor <em>n</em> numere impare:</h3>\r\n<p><strong>Formula:</strong> S = 1 + 3 + 5 + ... + (2n – 1) = n × n</p>\r\n<p><strong>Exemplu:</strong> Primele 5 numere impare: 1 + 3 + 5 + 7 + 9 = 5 × 5 = 25</p>\r\n\r\n<h3>3. Suma primelor <em>n</em> numere pare:</h3>\r\n<p><strong>Formula:</strong> S = 2 + 4 + 6 + ... + 2n = n × (n + 1)</p>\r\n<p><strong>Exemplu:</strong> Primele 4 numere pare: 2 + 4 + 6 + 8 = 4 × (4 + 1) = 4 × 5 = 20</p>\r\n\r\n<h3>De ce funcționează formula lui Gauss?</h3>\r\n<p>Formula se bazează pe perechi simetrice: primul și ultimul număr, al doilea și penultimul etc., care au aceeași sumă. Această observație a fost făcută de matematicianul Carl Friedrich Gauss încă din copilărie.</p>\r\n\r\n<p>Folosirea formulelor ajută la rezolvarea rapidă a exercițiilor fără a aduna toate numerele manual.</p>\r\n', '<p>În această lecție sunt prezentate formulele pentru calculul sumei primelor <em>n</em> numere naturale, impare și pare. Sunt oferite exemple clare pentru fiecare tip de sumă, inclusiv explicația metodei lui Gauss pentru adunare rapidă. Lecția ajută elevii să înțeleagă conceptele de bază ale seriilor numerice și să aplice formulele în exerciții matematice.</p>\r\n', 1),
	(13, 'Lectia 5 -Operații cu numere naturale. Scăderea', NULL, NULL, '<h2>Scăderea numerelor naturale</h2>\r\n\r\n<p>Scăderea este una dintre cele patru operații aritmetice de bază. În cazul numerelor naturale, scăderea este notată cu simbolul minus <strong>(–)</strong> și presupune determinarea diferenței dintre două valori.</p>\r\n\r\n<h3>1. Definiție</h3>\r\n<p>Scăderea numerelor naturale <em>a</em> și <em>b</em> este operația notată <strong>a - b</strong>.</p>\r\n<p>Numerele <em>a</em> și <em>b</em> se numesc <strong>termenii scăderii</strong>:</p>\r\n<ul>\r\n  <li><strong>a</strong> – descăzut</li>\r\n  <li><strong>b</strong> – scăzător</li>\r\n</ul>\r\n<p>Rezultatul operației se numește <strong>diferență</strong>.</p>\r\n\r\n<p><strong>Exemplu:</strong> 16 - 7 = 9<br/>\r\n→ 16 este descăzutul, 7 este scăzătorul, iar 9 este diferența.</p>\r\n\r\n<h3>2. Observații importante</h3>\r\n<ul>\r\n  <li><strong>Condiția de efectuare:</strong> Pentru a putea efectua scăderea a două numere naturale, <strong>descăzutul trebuie să fie mai mare sau egal cu scăzătorul</strong>.</li>\r\n  <li>Scăderea este <strong>operația inversă adunării</strong>. Dacă <em>a - b = c</em>, atunci <em>c + b = a</em>.</li>\r\n  <li><strong>Scăderea nu este comutativă:</strong> a - b ≠ b - a</li>\r\n  <li><strong>Scăderea nu este asociativă:</strong> (a - b) - c ≠ a - (b - c)</li>\r\n  <li><strong>Scăderea nu are element neutru</strong>, spre deosebire de adunare.</li>\r\n</ul>\r\n\r\n<h3>3. Exerciții explicative</h3>\r\n<p>→ 20 - 5 = 15 (pentru că 15 + 5 = 20)<br/>\r\n→ 10 - 0 = 10 (diferența față de zero este același număr)</p>\r\n', '<p>În această lecție este explicată scăderea numerelor naturale, cu definirea termenilor specifici: descăzut, scăzător și diferență. Sunt prezentate condițiile în care se poate efectua operația, relația sa cu adunarea și lipsa proprietăților comutativității, asocierii și a unui element neutru. Exemple clare ajută la înțelegerea diferenței dintre scădere și celelalte operații.</p>\r\n', 1),
	(14, 'Lectia 6 -Operații cu numere naturale. Înmulțirea', NULL, NULL, '<h2>Înmulțirea numerelor naturale</h2>\r\n\r\n<p>Înmulțirea a două numere naturale <strong>a</strong> și <strong>b</strong> este o operație aritmetică notată <strong>a × b</strong>. Numerele <strong>a</strong> și <strong>b</strong> se numesc <strong>factori</strong>, iar rezultatul înmulțirii se numește <strong>produs</strong>.</p>\r\n\r\n<p><strong>Exemplu:</strong> 3 × 5 = 15 &rarr; 3 și 5 sunt factori, iar 15 este produsul.</p>\r\n\r\n<h3>Proprietățile înmulțirii numerelor naturale</h3>\r\n\r\n<ol>\r\n  <li><strong>Înmulțirea este comutativă</strong> (ordinea factorilor nu influențează rezultatul):<br/>\r\n  a × b = b × a<br/>\r\n  <em>Exemplu:</em> 3 × 5 = 5 × 3</li>\r\n\r\n  <li><strong>Înmulțirea este asociativă</strong> (putem grupa factorii cum dorim):<br/>\r\n  (a × b) × c = a × (b × c)<br/>\r\n  <em>Exemplu:</em> (3 × 4) × 6 = 3 × (4 × 6)</li>\r\n\r\n  <li><strong>Numărul 1 este element neutru</strong> pentru înmulțire:<br/>\r\n  a × 1 = 1 × a = a<br/>\r\n  <em>Exemplu:</em> 29 × 1 = 1 × 29 = 29</li>\r\n\r\n  <li><strong>Înmulțirea este distributivă</strong> față de adunare și scădere:<br/>\r\n  a × (b + c) = a × b + a × c<br/>\r\n  <em>Exemplu:</em> 3 × (2 + 5) = 3 × 2 + 3 × 5 = 21<br/><br/>\r\n  a × (b − c) = a × b − a × c<br/>\r\n  <em>Exemplu:</em> 4 × (7 − 2) = 4 × 7 − 4 × 2 = 28 − 8 = 20\r\n  </li>\r\n</ol>\r\n', '<p><strong>Înmulțirea numerelor naturale</strong> este operația prin care aflăm produsul dintre doi factori. Această operație are proprietăți fundamentale precum comutativitatea, asociativitatea și distributivitatea față de adunare și scădere. Numărul 1 este elementul neutru în înmulțire.</p>\r\n', 1),
	(15, 'Lectia 7 -Înmulțirea numerelor naturale. Factor comun', NULL, NULL, '<h2>Scoaterea factorului comun</h2>\r\n\r\n<p>Scoaterea factorului comun este o acțiune inversă distribuției înmulțirii față de adunare sau scădere. Dacă un factor apare în mai multe produse, acesta poate fi scos în fața unei paranteze și se va numi <strong>factor comun</strong>.</p>\r\n\r\n<h3>Formule:</h3>\r\n<ul>\r\n  <li>a × b + a × c = a × (b + c)</li>\r\n  <li>a × b − a × c = a × (b − c)</li>\r\n</ul>\r\n\r\n<h3>Exemplu:</h3>\r\n<p>3 × 4 + 3 × 15 = 3 × (4 + 15) = 3 × 19 = 57</p>\r\n<p>Spunem că am dat <strong>factor comun pe 3</strong>.</p>\r\n', '<p><strong>Scoaterea factorului comun</strong> este procesul prin care identificăm un factor repetat și îl scoatem în evidență, folosind parantezele. Această tehnică inversează distribuția înmulțirii și este foarte utilă în simplificarea expresiilor.</p>', 1),
	(16, 'Lectia 8 -Operații cu numere naturale. Împărțirea', NULL, NULL, '<h2>Împărțirea numerelor naturale</h2>\r\n\r\n<p>Împărțirea numerelor naturale <strong>a</strong> și <strong>b</strong> este operația notată <strong>a : b</strong>. Numărul <strong>a</strong> se numește <em>deîmpărțit</em>, <strong>b</strong> este <em>împărțitorul</em>, iar rezultatul se numește <em>cât</em>.</p>\r\n\r\n<h3>Exemplu:</h3>\r\n<p>172 : 4 = 43</p>\r\n<p>→ 172 este deîmpărțitul, 4 este împărțitorul, iar 43 este câtul.</p>\r\n\r\n<h3>Observații importante:</h3>\r\n<ul>\r\n    <li>Împărțirea este operația inversă înmulțirii.</li>\r\n    <li>Împărțirea NU este comutativă, asociativă și NU are element neutru.</li>\r\n    <li><strong>Împărțirea la zero</strong> nu are sens: <em>a : 0</em> este imposibilă.</li>\r\n    <li><strong>0 împărțit la un număr natural</strong> este întotdeauna 0: <em>0 : a = 0</em></li>\r\n</ul>\r\n\r\n<h3>Teorema împărțirii cu rest:</h3>\r\n<p><strong>D = Î × C + R</strong></p>\r\n<p>unde: <br>\r\nD = deîmpărțitul, <br>\r\nÎ = împărțitorul, <br>\r\nC = câtul, <br>\r\nR = restul</p>\r\n\r\n<h3>Exemplu:</h3>\r\n<p>246 : 13 = 18 rest 12</p>\r\n<p>→ 246 = 13 × 18 + 12</p>\r\n<p><strong>Observație:</strong> Restul trebuie să fie întotdeauna mai mic decât împărțitorul: <strong>R &lt; Î</strong>.</p>\r\n', '<p>Împărțirea numerelor naturale este o operație inversă înmulțirii. Se efectuează între un deîmpărțit și un împărțitor, iar rezultatul este câtul. Există și cazuri cu rest, după regula: D = Î × C + R, unde restul trebuie să fie mai mic decât împărțitorul.</p>\r\n', 1),
	(17, 'Lectia 9 -Teorema împărţirii cu rest', NULL, NULL, '<h2>Teorema împărțirii cu rest</h2>\r\n\r\n<h3>Enunțul teoremei</h3>\r\n<p>\r\nFie <strong>a</strong> (deîmpărțit) și <strong>b</strong> (împărțitor) două numere întregi, cu condiția ca <strong>b ≠ 0</strong>. \r\nExistă și sunt unice două numere întregi <strong>q</strong> (câtul) și <strong>r</strong> (restul), astfel încât:\r\n</p>\r\n<p><strong>a = b × q + r</strong>, cu <strong>0 ≤ r &lt; |b|</strong></p>\r\n\r\n<h3>Demonstrația existenței</h3>\r\n<p>Se consideră mulțimea <em>S = { a - nd | n ∈ ℤ, d ≠ 0 }</em>. Se arată că S conține cel puțin un întreg nenegativ. \r\nPrin alegerea corespunzătoare a lui <em>n</em>, se obține cel mai mic întreg nenegativ <em>r</em> din S, și astfel <strong>a = qd + r</strong> cu <strong>0 ≤ r &lt; |d|</strong>.</p>\r\n\r\n<h3>Demonstrația unicității</h3>\r\n<p>\r\nPresupunem că există două perechi <em>(q, r)</em> și <em>(q\', r\')</em> care satisfac relațiile. Rezultă că <strong>d(q - q\') = r\' - r</strong>. \r\nCum <strong>|r - r\'| &lt; |d|</strong> și <strong>d</strong> împarte <strong>r - r\'</strong>, singura posibilitate este <strong>r = r\'</strong>, deci și <strong>q = q\'</strong>.\r\n</p>\r\n\r\n<h3>Concluzie</h3>\r\n<p>\r\nTeorema garantează că orice împărțire a unui număr întreg <strong>a</strong> la un număr întreg <strong>b ≠ 0</strong> are un singur cât și un singur rest astfel încât:\r\n</p>\r\n<p style="text-align:center;"><strong>a = b × q + r, cu 0 ≤ r &lt; |b|</strong></p>\r\n', '<p>Teorema împărțirii cu rest afirmă că, pentru orice număr întreg a și b ≠ 0, există un singur cât q și un singur rest r, astfel încât a = b × q + r, cu 0 ≤ r &lt; |b|. Demonstrația implică existența și unicitatea acestor numere.</p>\r\n', 1),
	(18, 'Lectia 10 -Operații cu numere naturale. Ridicarea la putere', NULL, NULL, '<h3>Definiția ridicării la putere</h3>\r\n<p>Ridicarea la putere este o operație prin care un număr <strong>a</strong> (baza) se înmulțește cu el însuși de <strong>n</strong> ori. Se notează:</p>\r\n<p><code>a<sup>n</sup> = a × a × ... × a</code> (de n ori)</p>\r\n<p>Se citește: „a la puterea n” sau „a la n”.</p>\r\n\r\n<h3>Reguli de calcul cu puteri</h3>\r\n<ol>\r\n  <li><strong>Produsul puterilor cu aceeași bază:</strong> <br>\r\n      <code>a<sup>m</sup> × a<sup>n</sup> = a<sup>m+n</sup></code>\r\n  </li>\r\n  <li><strong>Împărțirea puterilor cu aceeași bază:</strong> <br>\r\n      <code>a<sup>m</sup> : a<sup>n</sup> = a<sup>m-n</sup></code>, cu condiția <code>a ≠ 0</code> și <code>m ≥ n</code>\r\n  </li>\r\n  <li><strong>Ridicarea unei puteri la altă putere:</strong> <br>\r\n      <code>(a<sup>m</sup>)<sup>n</sup> = a<sup>m×n</sup></code>\r\n  </li>\r\n  <li><strong>Produsul puterilor cu același exponent:</strong> <br>\r\n      <code>a<sup>m</sup> × b<sup>m</sup> = (a × b)<sup>m</sup></code>\r\n  </li>\r\n  <li><strong>Împărțirea puterilor cu același exponent:</strong> <br>\r\n      <code>a<sup>m</sup> : b<sup>m</sup> = (a : b)<sup>m</sup></code>, cu <code>b ≠ 0</code>\r\n  </li>\r\n</ol>\r\n\r\n<h3>Compararea puterilor</h3>\r\n<ol>\r\n  <li><strong>Cu aceeași bază:</strong> <br>\r\n      Dacă <code>a ≠ 0</code> și <code>a ≠ 1</code>, atunci:\r\n      <br><code>m &lt; n ⇒ a<sup>m</sup> &lt; a<sup>n</sup></code><br>\r\n      <em>Exemplu:</em> 3<sup>10</sup> &gt; 3<sup>6</sup>\r\n  </li>\r\n  <li><strong>Cu același exponent:</strong> <br>\r\n      Dacă <code>a &lt; b</code>, atunci:\r\n      <br><code>a<sup>m</sup> &lt; b<sup>m</sup></code><br>\r\n      <em>Exemplu:</em> 2<sup>4</sup> &lt; 3<sup>4</sup>\r\n  </li>\r\n  <li><strong>Cu baze și exponenți diferiți:</strong> <br>\r\n      Se pot calcula direct sau transforma la aceeași bază sau exponent.\r\n  </li>\r\n</ol>\r\n\r\n<h3>Observații</h3>\r\n<ul>\r\n  <li>Ridicarea la putere este o înmulțire repetată.</li>\r\n  <li>Exponentul poate fi negativ (rezultatul este o fracție).</li>\r\n  <li>Puterile pot fi comparate doar dacă sunt transformate în forme comparabile (aceeași bază sau exponent).</li>\r\n</ul>\r\n', 'În această lecție sunt prezentate regulile de bază ale ridicării la putere: înmulțirea, împărțirea și compararea puterilor, precum și definiția și proprietățile lor esențiale.\r\n', 1),
	(19, 'Lectia 1-Divizor. Multiplu. Noțiuni introductive', NULL, NULL, '<h3>Divizibilitate</h3>\r\n<p>Un număr natural <strong>a</strong> este divizibil cu un număr natural <strong>b</strong> dacă <strong>a</strong> se împarte exact la <strong>b</strong> (adică restul împărțirii este 0).</p>\r\n<p>Alt mod de a spune: numărul <strong>b</strong> divide pe <strong>a</strong> dacă există un număr natural <strong>c</strong> astfel încât <strong>a = b × c</strong>.</p>\r\n<p><strong>b</strong> se numește <u>divizor</u> al lui <strong>a</strong>, iar <strong>a</strong> se numește <u>multiplu</u> al lui <strong>b</strong>.</p>\r\n\r\n<h4>Notații:</h4>\r\n<ul>\r\n  <li><code>a | b</code> înseamnă „a este divizibil cu b”.</li>\r\n  <li><code>b ∣ a</code> înseamnă „b divide pe a”.</li>\r\n</ul>\r\n\r\n<h4>Exemple:</h4>\r\n<ul>\r\n  <li><code>21 | 3</code></li>\r\n  <li><code>8 ∣ 24</code></li>\r\n  <li><code>4 ∤ 6</code> – 4 nu divide pe 6</li>\r\n</ul>\r\n\r\n<hr>\r\n\r\n<h3>Divizor</h3>\r\n<p>Un număr <strong>x</strong> este divizor al unui alt număr <strong>y</strong> dacă <strong>y</strong> se poate scrie ca produs între <strong>x</strong> și un număr întreg <strong>t</strong>, adică <strong>y = x · t</strong>.</p>\r\n<p>Dacă <strong>a</strong> este un număr întreg, spunem că <strong>b</strong> este divizor al lui <strong>a</strong> dacă există <strong>c</strong> întreg astfel încât <strong>a = b · c</strong>. Notație: <code>b | a</code>.</p>\r\n\r\n<h4>Exemplu:</h4>\r\n<p><strong>2</strong> este divizor al lui <strong>6</strong> pentru că <strong>6 = 2 · 3</strong>, scriem <code>2 | 6</code>.</p>\r\n\r\n<h4>Observații importante:</h4>\r\n<ul>\r\n  <li><code>1 | n</code>, <code>n | n</code> și <code>n | 0</code> pentru orice număr întreg <code>n</code>.</li>\r\n  <li>Un număr <strong>prim</strong> are exact doi divizori naturali: <code>1</code> și el însuși.</li>\r\n</ul>\r\n\r\n<h3>Mulțimea divizorilor</h3>\r\n<p>Se notează <strong>D<sub>a</sub></strong> și cuprinde toți divizorii întregi ai lui <strong>a</strong>.</p>\r\n\r\n<h4>Exemple:</h4>\r\n<ul>\r\n  <li><code>D₆ = { -6, -3, -2, -1, 1, 2, 3, 6 }</code></li>\r\n  <li><code>D₅ = { -5, -1, 1, 5 }</code> ⇒ 5 este număr prim.</li>\r\n</ul>\r\n\r\n<hr>\r\n\r\n<h3>CMMDC – Cel Mai Mare Divizor Comun</h3>\r\n<p>Cel mai mare divizor comun a două numere naturale <strong>a</strong> și <strong>b</strong> este un număr <strong>d</strong> care îndeplinește condițiile:</p>\r\n<ol>\r\n  <li><code>d | a</code> și <code>d | b</code> (divizor comun);</li>\r\n  <li>Orice alt divizor comun <code>c</code> al lui <strong>a</strong> și <strong>b</strong> divide pe <strong>d</strong> ⇒ <code>c | d</code>.</li>\r\n</ol>\r\n\r\n<p>Notație: <strong>(a, b)</strong> sau <strong>CMMDC(a, b)</strong>.</p>\r\n\r\n<h4>Exemple:</h4>\r\n<ul>\r\n  <li><code>(12, 18) = 6</code></li>\r\n  <li><code>(32, 15) = 1</code> ⇒ 32 și 15 sunt <strong>prime între ele</strong>.</li>\r\n</ul>\r\n\r\n<p>Dacă un număr are doar doi divizori, se numește <strong>număr prim</strong>.</p>\r\n', '<p>Un număr natural <strong>a</strong> este divizibil cu un număr natural <strong>b</strong> dacă <strong>a</strong> se împarte exact la <strong>b</strong> (restul este 0).</p>\r\n<p>Se mai spune că <strong>b divide pe a</strong> dacă există un număr natural <strong>c</strong> astfel încât <strong>a = b × c</strong>.</p>\r\n<p><strong>b</strong> se numește <em>divizor</em> al lui <strong>a</strong>, iar <strong>a</strong> se numește <em>multiplu</em> al lui <strong>b</strong>.</p>\r\n<p>Notații:</p>\r\n<ul>\r\n  <li><strong>a | b</strong> — „a este divizibil cu b”</li>\r\n  <li><strong>b | a</strong> — „b divide pe a”</li>\r\n</ul>\r\n<p>Exemple: 21 | 3 ; 8 | 24</p>\r\n', 2),
	(20, 'Lectia 2 -Criterii de divizibilitate cu 2, 5 și 10', NULL, NULL, '<h3>Criterii de divizibilitate</h3>\r\n\r\n<h4>Criteriul de divizibilitate cu <strong>2</strong></h4>\r\n<p>Un număr natural este divizibil cu <strong>2</strong> dacă și numai dacă <strong>ultima sa cifră</strong> este <strong>0, 2, 4, 6</strong> sau <strong>8</strong>.</p>\r\n<p><strong>Exemple:</strong> 12, 398, 714076</p>\r\n\r\n<hr />\r\n\r\n<h4>Criteriul de divizibilitate cu <strong>5</strong></h4>\r\n<p>Un număr natural este divizibil cu <strong>5</strong> dacă și numai dacă <strong>ultima sa cifră</strong> este <strong>0</strong> sau <strong>5</strong>.</p>\r\n<p><strong>Exemple:</strong> 70, 185, 2015</p>\r\n\r\n<hr />\r\n\r\n<h4>Criteriul de divizibilitate cu <strong>10</strong></h4>\r\n<p>Un număr natural este divizibil cu <strong>10</strong> dacă și numai dacă <strong>ultima sa cifră</strong> este <strong>0</strong>.</p>\r\n<p><strong>Exemple:</strong> 20, 670, 5310</p>\r\n', '<p>Un număr natural este divizibil cu:</p>\r\n<ul>\r\n  <li><strong>2</strong> dacă ultima cifră este 0, 2, 4, 6 sau 8.</li>\r\n  <li><strong>5</strong> dacă ultima cifră este 0 sau 5.</li>\r\n  <li><strong>10</strong> dacă ultima cifră este 0.</li>\r\n</ul>\r\n', 2),
	(21, 'Lectia 1 -Multimi finite.Multimi infinite', NULL, NULL, '<h3>Mulțimi și cardinal</h3>\r\n\r\n<h4>Mulțimea vidă</h4>\r\n<p>O <strong>mulțime care nu are niciun element</strong> se numește <strong>mulțime vidă</strong>.</p>\r\n<p><strong>Notație:</strong> <span style="font-family: serif;">∅</span> sau <code>empty set</code></p>\r\n\r\n<hr />\r\n\r\n<h4>Mulțimea numerelor naturale</h4>\r\n<p><strong>Mulțimea numerelor naturale</strong> este o <strong>mulțime infinită</strong>:</p>\r\n<p style="font-family: serif;">ℕ = { 0, 1, 2, 3, 4, ..., 2015, ... }</p>\r\n\r\n<h4>Mulțimea numerelor naturale nenule</h4>\r\n<p><strong>Mulțimea numerelor naturale nenule</strong> (fără 0) este tot <strong>infinită</strong>:</p>\r\n<p style="font-family: serif;">ℕ<sup>*</sup> = { 1, 2, 3, 4, ..., 2015, ... }</p>\r\n\r\n<hr />\r\n\r\n<h4>Cardinalul unei mulțimi</h4>\r\n<p><strong>Cardinalul</strong> unei mulțimi reprezintă <strong>numărul de elemente</strong> din acea mulțime.</p>\r\n\r\n<h5>Exemple:</h5>\r\n<ul>\r\n  <li><span style="font-family: serif;">card(ℕ) = ∞</span> (infinit)</li>\r\n  <li><span style="font-family: serif;">card(ℕ<sup>*</sup>) = ∞</span> (infinit)</li>\r\n  <li><span style="font-family: serif;">card(∅) = 0</span></li>\r\n</ul>\r\n', '<p>În această lecție învățăm despre mulțimea vidă, mulțimea numerelor naturale și conceptul de cardinal al unei mulțimi.</p>\r\n', 3),
	(22, 'Lectia 2 -Relatii intre multimi', NULL, NULL, '<h3>Relații între mulțimi</h3>\r\n\r\n<h4>Egalitatea a două mulțimi</h4>\r\n<p>Două mulțimi <strong>A</strong> și <strong>B</strong> sunt <strong>egale</strong> dacă au exact aceleași elemente.</p>\r\n<p><strong>Notație:</strong> A = B</p>\r\n\r\n<h4>Mulțimi diferite</h4>\r\n<p>Dacă A și B <strong>nu au aceleași elemente</strong>, atunci spunem că sunt <strong>mulțimi diferite</strong>.</p>\r\n<p><strong>Notație:</strong> A ≠ B</p>\r\n\r\n<h4>Submulțime</h4>\r\n<p>Dacă <strong>toate elementele lui A</strong> se regăsesc în B, spunem că <strong>A este inclusă în B</strong>.</p>\r\n<p><strong>Notație:</strong> A ⊆ B</p>\r\n<p>În acest caz, <strong>A se numește submulțime</strong> a lui B.</p>\r\n\r\n<h5>Exemplu:</h5>\r\n<p style="font-family: serif;">A = {1, 2, 3} <br/> B = {1, 2, 3, 4, 5} ⇒ A ⊆ B</p>\r\n\r\n<hr />\r\n\r\n<h4>Observație importantă:</h4>\r\n<p>Mulțimea vidă (<span style="font-family: serif;">∅</span>) este <strong>inclusă în orice altă mulțime</strong>.</p>\r\n', '<p>Aflăm cum comparăm două mulțimi: când sunt egale, diferite sau când o mulțime este submulțime a alteia.</p>\r\n', 3),
	(23, 'Lectia 3-Multimi de numere', NULL, NULL, '<h2>Definiția unei mulțimi</h2>\r\n<p>O <b>mulțime</b> este un ansamblu bine definit de obiecte, numite <i>elemente</i>. Acestea pot fi numere, litere, persoane etc. Mulțimile se notează cu majuscule: A, B, C.</p>\r\n\r\n<h2>Moduri de descriere</h2>\r\n<ul>\r\n<li>Prin listare: A = {1, 2, 3}</li>\r\n<li>Prin proprietate: B = {x ∈ ℕ | x &lt; 5}</li>\r\n</ul>\r\n\r\n<h2>Cardinalul unei mulțimi</h2>\r\n<p>Reprezintă numărul de elemente. Exemplu: |A| = 3</p>\r\n\r\n<h2>Apartenență</h2>\r\n<ul>\r\n<li>x ∈ A – x aparține mulțimii A</li>\r\n<li>x ∉ A – x nu aparține mulțimii A</li>\r\n</ul>\r\n\r\n<h2>Submulțimi</h2>\r\n<p>A ⊆ B înseamnă că toate elementele din A sunt și în B.</p>\r\n\r\n<h2>Mulțimea părților</h2>\r\n<p>Mulțimea tuturor submulțimilor unei mulțimi M. Se notează 𝒫(M) și are 2ⁿ elemente dacă M are n elemente.</p>\r\n\r\n<h2>Mulțimi speciale</h2>\r\n<ul>\r\n<li>𝕹 = {0, 1, 2, ...} – naturale</li>\r\n<li>ℤ = {..., -1, 0, 1, ...} – întregi</li>\r\n<li>ℚ = {a/b | a,b ∈ ℤ, b ≠ 0} – raționale</li>\r\n<li>ℝ – reale</li>\r\n<li>ℂ – complexe</li>\r\n</ul>\r\n\r\n<h2>Operații cu mulțimi</h2>\r\n<ul>\r\n<li><b>Reuniune</b>: A ∪ B – elemente în A sau B</li>\r\n<li><b>Intersecție</b>: A ∩ B – elemente comune</li>\r\n<li><b>Diferență</b>: A − B – elemente în A dar nu în B</li>\r\n<li><b>Complement</b>: A′ – elemente din univers care nu sunt în A</li>\r\n<li><b>Diferență simetrică</b>: A △ B = (A − B) ∪ (B − A)</li>\r\n</ul>\r\n\r\n<h2>Produs cartezian</h2>\r\n<p>A × B = {(a, b) | a ∈ A, b ∈ B}</p>\r\n', '<p>O <strong>mulțime</strong> este un ansamblu bine definit de obiecte, numite <em>elemente</em>. Mulțimile pot fi finite sau infinite și pot conține orice tip de obiecte: numere, litere, persoane etc.</p>\r\n<p>Se folosesc notații și reguli specifice pentru a descrie, analiza și efectua operații cu mulțimi. Printre acestea se numără: <strong>reuniunea</strong>, <strong>intersecția</strong>, <strong>diferența</strong> și <strong>produsul cartezian</strong>.</p>\r\n<p>Există mulțimi importante care se utilizează frecvent în matematică:</p>\r\n<ul>\r\n  <li><strong>𝕹</strong> – numere naturale</li>\r\n  <li><strong>ℤ</strong> – numere întregi</li>\r\n  <li><strong>ℚ</strong> – numere raționale</li>\r\n  <li><strong>ℝ</strong> – numere reale</li>\r\n  <li><strong>ℂ</strong> – numere complexe</li>\r\n</ul>\r\n<p>Conceptul de <strong>cardinalitate</strong> exprimă câte elemente are o mulțime. Mulțimile se pot descrie prin listă, proprietate caracteristică sau notații matematice.</p>\r\n', 3),
	(24, 'Lectia 1-Fractii', NULL, NULL, '<h2>Fracții</h2>\r\n\r\n<h3>Definiție</h3>\r\n<p>O fracție este un număr de forma <strong>a / b</strong> care exprimă una sau mai multe părți dintr-un întreg, unde <em>a</em>, <em>b</em> &in; ℕ și <em>b</em> &ne; 0.</p>\r\n\r\n<h3>Elementele unei fracții</h3>\r\n<ul>\r\n    <li><strong>a</strong> se numește <strong>numărător</strong> și arată câte părți (unități) am luat în considerare.</li>\r\n    <li><strong>b</strong> se numește <strong>numitor</strong> și arată în câte părți egale a fost împărțit un întreg.</li>\r\n</ul>\r\n\r\n<p>Fracția <strong>a / b</strong> reprezintă câtul neefectuat <strong>a &divide; b</strong>, adică <strong>a : b</strong>.</p>\r\n\r\n<h3>Fracția ordinară ca raport</h3>\r\n<p>Fracția ordinară este termenul folosit în aritmetică pentru a denumi un număr rațional. Numărul de sub linia de fracție se numește <strong>numitor</strong>, iar cel de deasupra se numește <strong>numărător</strong>.</p>\r\n\r\n<h3>Mulțimea numerelor raționale pozitive</h3>\r\n<p>\r\n    ℚ<sub>+</sub> = { a / b | a, b &in; ℕ, b &ne; 0 }\r\n</p>\r\n\r\n<h3>Exemple</h3>\r\n<ul>\r\n    <li>1/2: o jumătate (un întreg împărțit în două părți, din care luăm una).</li>\r\n    <li>3/4: trei sferturi (un întreg împărțit în patru părți egale, din care luăm trei).</li>\r\n    <li>5/1: cinci întregi.</li>\r\n</ul>\r\n', '<h2>Fracții</h2>\r\n\r\n<p>O <strong>fracție</strong> este un număr de forma <em>a/b</em> care exprimă una sau mai multe părți dintr-un întreg \r\n(<em>a, b ∈ ℕ, b ≠ 0</em>).</p>\r\n\r\n<ul>\r\n  <li><strong>a</strong> se numește <em>numărător</em> și arată câte părți (unități) au fost luate în considerare.</li>\r\n  <li><strong>b</strong> se numește <em>numitor</em> și arată în câte părți egale a fost împărțit întregul.</li>\r\n</ul>\r\n\r\n<p>Fracția <em>a/b</em> reprezintă câtul neefectuat a : b.</p>\r\n\r\n<p class="formula"><em>a/b = a : b</em></p>\r\n\r\n<h3>Mulțimea numerelor raționale pozitive</h3>\r\n<p>Este mulțimea tuturor fracțiilor pozitive care se pot scrie ca raportul a două numere naturale, cu numitorul diferit de zero:</p>\r\n\r\n<p class="formula">\r\nℚ<sub>+</sub> = { a/b | a, b ∈ ℕ, b ≠ 0 }\r\n</p>\r\n', 4),
	(25, 'Lectia 2-Fractii subunitare,fractii echiunitare,fractii supraunitare', NULL, NULL, '<h2>Tipuri de fracții</h2>\r\n\r\n<h3>1. Fracții subunitare</h3>\r\n<p>Fracțiile care au numărătorul mai mic decât numitorul se numesc <strong>fracții subunitare</strong>.</p>\r\n<p><strong>Exemplu:</strong> 3 / 4</p>\r\n\r\n<h3>2. Fracții echiunitare</h3>\r\n<p>Fracțiile care au numărătorul egal cu numitorul se numesc <strong>fracții echiunitare</strong>.</p>\r\n<p><strong>Exemplu:</strong> 4 / 4</p>\r\n\r\n<h3>3. Fracții supraunitare</h3>\r\n<p>Fracțiile care au numărătorul mai mare decât numitorul se numesc <strong>fracții supraunitare</strong>.</p>\r\n<p><strong>Exemplu:</strong> 5 / 4</p>\r\n\r\n<hr>\r\n\r\n<h2>Scoaterea întregilor dintr-o fracție</h2>\r\n<p>Pentru a scoate întregii dintr-o fracție, împărțim numărătorul la numitor. Câtul obținut va reprezenta numărul de întregi, iar restul va deveni noul numărător (numitorul rămâne același).</p>\r\n\r\n<p><strong>Formula:</strong></p>\r\n<p>a : b = c, rest r</p>\r\n<p>a / b = c <sup>r</sup>/<sub>b</sub></p>\r\n\r\n<p><strong>Exemplu:</strong></p>\r\n<p>30 : 7 = 4, rest 2</p>\r\n<p>30 / 7 = 4 <sup>2</sup>/<sub>7</sub></p>\r\n\r\n<hr>\r\n\r\n<h2>Introducerea întregilor într-o fracție (transformare în fracție improprie)</h2>\r\n<p>Pentru a introduce întregii într-o fracție (transformarea unui număr mixt într-o fracție improprie), se aplică următoarea formulă:</p>\r\n\r\n<p><strong>Formula:</strong></p>\r\n<p>a <sup>b</sup>/<sub>c</sub> = (a × c + b) / c</p>\r\n\r\n<p><strong>Exemplu:</strong></p>\r\n<p>2 <sup>6</sup>/<sub>9</sub> = (2 × 9 + 6) / 9 = 24 / 9</p>\r\n', '<h3>Rezumat</h3>\r\n<ul>\r\n  <li><strong>Fracții subunitare</strong> – au numărătorul mai mic decât numitorul (ex: 3/4).</li>\r\n  <li><strong>Fracții echiunitare</strong> – au numărătorul egal cu numitorul (ex: 4/4).</li>\r\n  <li><strong>Fracții supraunitare</strong> – au numărătorul mai mare decât numitorul (ex: 5/4).</li>\r\n  <li><strong>Scoaterea întregilor</strong> – se face împărțind numărătorul la numitor. Câtul devine partea întreagă, iar restul devine noul numărător.</li>\r\n  <li><strong>Transformarea în fracție improprie</strong> – se face cu formula: (parte întreagă × numitor + numărător) / numitor.</li>\r\n</ul>\r\n', 4),
	(26, 'Lectia 3-Adunarea si scaderea fractiilor cu acelasi numitor', NULL, NULL, '<h2>Adunarea și scăderea fracțiilor cu același numitor</h2>\r\n\r\n<h3>1. Adunarea fracțiilor cu același numitor</h3>\r\n<p>Pentru a aduna două sau mai multe fracții care au același numitor, se adună doar numărătorii, iar numitorul rămâne neschimbat:</p>\r\n\r\n<p style="text-align:center;">\r\n  <math display="block">\r\n    <mfrac>\r\n      <mi>a</mi>\r\n      <mi>b</mi>\r\n    </mfrac>\r\n    <mo>+</mo>\r\n    <mfrac>\r\n      <mi>c</mi>\r\n      <mi>b</mi>\r\n    </mfrac>\r\n    <mo>=</mo>\r\n    <mfrac>\r\n      <mrow><mi>a</mi><mo>+</mo><mi>c</mi></mrow>\r\n      <mi>b</mi>\r\n    </mfrac>\r\n  </math>\r\n</p>\r\n\r\n<p><strong>Exemplu:</strong></p>\r\n<p style="text-align:center;">\r\n  <math display="block">\r\n    <mfrac><mn>3</mn><mn>8</mn></mfrac>\r\n    <mo>+</mo>\r\n    <mfrac><mn>2</mn><mn>8</mn></mfrac>\r\n    <mo>=</mo>\r\n    <mfrac><mn>5</mn><mn>8</mn></mfrac>\r\n  </math>\r\n</p>\r\n\r\n<h3>2. Scăderea fracțiilor cu același numitor</h3>\r\n<p>Pentru a scădea două fracții care au același numitor, se scad numărătorii, iar numitorul rămâne același:</p>\r\n\r\n<p style="text-align:center;">\r\n  <math display="block">\r\n    <mfrac>\r\n      <mi>a</mi>\r\n      <mi>b</mi>\r\n    </mfrac>\r\n    <mo>-</mo>\r\n    <mfrac>\r\n      <mi>c</mi>\r\n      <mi>b</mi>\r\n    </mfrac>\r\n    <mo>=</mo>\r\n    <mfrac>\r\n      <mrow><mi>a</mi><mo>-</mo><mi>c</mi></mrow>\r\n      <mi>b</mi>\r\n    </mfrac>\r\n  </math>\r\n</p>\r\n\r\n<p><strong>Exemplu:</strong></p>\r\n<p style="text-align:center;">\r\n  <math display="block">\r\n    <mfrac><mn>13</mn><mn>9</mn></mfrac>\r\n    <mo>-</mo>\r\n    <mfrac><mn>5</mn><mn>9</mn></mfrac>\r\n    <mo>=</mo>\r\n    <mfrac><mn>8</mn><mn>9</mn></mfrac>\r\n  </math>\r\n</p>\r\n\r\n<h3>Rezumat</h3>\r\n<ul>\r\n  <li>La <strong>adunarea</strong> fracțiilor cu același numitor, <em>se adună numărătorii</em>, iar numitorul se păstrează.</li>\r\n  <li>La <strong>scăderea</strong> fracțiilor cu același numitor, <em>se scad numărătorii</em>, iar numitorul se păstrează.</li>\r\n  <li>Numitorul trebuie să fie același pentru a aplica regulile de mai sus.</li>\r\n</ul>\r\n', '<p>\r\nPentru a <strong>aduna</strong> sau <strong>scădea</strong> fracții cu același numitor, se <em>adună sau se scad numărătorii</em>, iar <strong>numitorul rămâne neschimbat</strong>. Este important ca <strong>numitorii să fie identici</strong> pentru a aplica aceste reguli.\r\n</p>\r\n', 4),
	(27, 'Lectia 1-Divizibilitatea numerelor naturale. Divizor. Multiplu', NULL, NULL, '<h2>Divizibilitatea numerelor naturale</h2>\r\n\r\n<p>Un număr natural <strong>a</strong> este <strong>divizibil</strong> cu un număr natural <strong>b</strong> dacă <strong>a se împarte exact la b</strong> (adică <em>restul împărțirii este zero</em>).</p>\r\n\r\n<p>Se mai poate spune că <strong>numărul b divide pe a</strong> dacă există un număr natural <strong>c</strong> astfel încât:</p>\r\n\r\n<p style="text-align: center;"><strong>a = b × c</strong></p>\r\n\r\n<p>Numărul <strong>b</strong> se numește <em>divizor</em> al lui <strong>a</strong>, iar <strong>a</strong> se numește <em>multiplu</em> al numărului <strong>b</strong>.</p>\r\n\r\n<h3>Notații:</h3>\r\n<ul>\r\n  <li><strong>a | b</strong> – citim „a este divizibil cu b”</li>\r\n  <li><strong>b ⟍ a</strong> – citim „b divide pe a”</li>\r\n  <li><strong>a ∤ b</strong> – citim „a nu este divizibil cu b”</li>\r\n</ul>\r\n\r\n<h3>Exemple:</h3>\r\n<ul>\r\n  <li><strong>21 | 3</strong> – 21 este divizibil cu 3</li>\r\n  <li><strong>8 ⟍ 24</strong> – 8 divide pe 24</li>\r\n  <li><strong>4 ∤ 6</strong> – 4 nu divide pe 6</li>\r\n</ul>\r\n', '<p>\r\nUn număr <strong>a</strong> este divizibil cu <strong>b</strong> dacă împărțirea a la b are restul zero. În acest caz, <strong>b</strong> se numește divizor al lui <strong>a</strong>, iar <strong>a</strong> multiplu al lui <strong>b</strong>. Notațiile folosite sunt: <code>a | b</code> (a divizibil cu b) și <code>a ∤ b</code> (a nu e divizibil cu b).\r\n</p>\r\n', 5),
	(28, 'Lectia 2-Numere prime între ele', NULL, NULL, '<h2>Numere prime între ele</h2>\r\n\r\n<p>Două numere naturale <strong>a</strong> și <strong>b</strong> se numesc <strong>prime între ele</strong> dacă cel mai mare divizor comun al acestora este <strong>1</strong>. Asta înseamnă că <strong>nu au alți divizori comuni în afară de 1</strong>.</p>\r\n\r\n<p style="text-align: center;"><strong>a, b</strong> prime între ele &harr; <strong>(a, b) = 1</strong></p>\r\n\r\n<h3>Exemplu:</h3>\r\n\r\n<p>Mulțimea divizorilor numărului <strong>17</strong> este:</p>\r\n<p style="text-align: center;"><strong>D<sub>17</sub> = {1, 17}</strong></p>\r\n\r\n<p>Mulțimea divizorilor numărului <strong>30</strong> este:</p>\r\n<p style="text-align: center;"><strong>D<sub>30</sub> = {1, 2, 3, 5, 6, 10, 15, 30}</strong></p>\r\n\r\n<p>Intersecția acestor mulțimi este:</p>\r\n<p style="text-align: center;"><strong>D<sub>17</sub> ∩ D<sub>30</sub> = {1}</strong></p>\r\n\r\n<p>Prin urmare, <strong>numerele 17 și 30 sunt prime între ele</strong>, deoarece:</p>\r\n<p style="text-align: center;"><strong>(17, 30) = 1</strong></p>\r\n\r\n<h3>Observație:</h3>\r\n<p>O altă modalitate de a verifica dacă două numere sunt prime între ele este:</p>\r\n<ul>\r\n  <li>Se descompun în <strong>factori primi</strong>;</li>\r\n  <li>Se calculează <strong>cel mai mare divizor comun</strong> (CMMDC);</li>\r\n  <li>Dacă acesta este <strong>1</strong>, atunci numerele sunt <strong>prime între ele</strong>.</li>\r\n</ul>\r\n', '<p>\r\nDouă numere naturale sunt <strong>prime între ele</strong> dacă nu au alți divizori comuni în afară de <strong>1</strong>. Asta înseamnă că <strong>cel mai mare divizor comun</strong> (CMMDC) al celor două numere este <strong>1</strong>.\r\n</p>\r\n', 5),
	(29, 'Lectia 3-Proprietăţile divizibilităţii', NULL, NULL, '<h2>Proprietăți ale divizibilității și tipuri de numere</h2>\r\n\r\n<ol>\r\n  <li>\r\n    <strong>Orice număr natural n se divide cu 1 și cu el însuși.</strong><br />\r\n    <em>Notație:</em> n | n, n | 1\r\n  </li>\r\n  <li>\r\n    <strong>Tranzitivitatea relației de divizibilitate:</strong><br />\r\n    Fie a, b, c &in; ℕ.<br />\r\n    Dacă <em>a | b</em> și <em>b | c</em>, atunci <em>a | c</em>.\r\n  </li>\r\n  <li>\r\n    <strong>Multipli ai unui număr divizibil:</strong><br />\r\n    Dacă <em>a | b</em>, atunci <em>a</em> divide orice multiplu al lui <em>b</em>:<br />\r\n    <em>a | b ⇒ a | (b·k)</em>, ∀ k &in; ℕ\r\n  </li>\r\n  <li>\r\n    <strong>Divizibilitatea sumei, diferenței și produsului:</strong><br />\r\n    Dacă <em>a | b</em> și <em>a | c</em>, atunci:\r\n    <ul>\r\n      <li>a | (b + c)</li>\r\n      <li>a | (b − c)</li>\r\n      <li>a | (b · c)</li>\r\n    </ul>\r\n  </li>\r\n  <li>\r\n    <strong>Divizibilitate cu produsul a două numere prime între ele:</strong><br />\r\n    Dacă <em>a | b</em>, <em>c | b</em> și <em>(a, c) = 1</em>, atunci <em>ac | b</em>.\r\n  </li>\r\n  <li>\r\n    <strong>Reciprocitate divizibilitate ⇒ egalitate:</strong><br />\r\n    Dacă <em>a | b</em> și <em>b | a</em>, atunci <em>a = b</em>.\r\n  </li>\r\n  <li>\r\n    <strong>0 este divizibil cu orice număr natural nenul:</strong><br />\r\n    <em>0 | n</em>, pentru orice <em>n ≠ 0</em>.\r\n  </li>\r\n</ol>\r\n\r\n<h3>Definiții</h3>\r\n\r\n<ul>\r\n  <li>\r\n    <strong>Număr prim:</strong> un număr natural se numește prim dacă are exact doi divizori: 1 și el însuși.\r\n  </li>\r\n  <li>\r\n    <strong>Număr compus:</strong> un număr natural care nu este prim (are mai mult de doi divizori).\r\n  </li>\r\n  <li>\r\n    <strong>Numere prime între ele:</strong> două numere <em>a</em> și <em>b</em> sunt prime între ele dacă <strong>(a, b) = 1</strong> (nu au alți divizori comuni în afară de 1).\r\n  </li>\r\n</ul>\r\n', '<p>\r\nDivizibilitatea are mai multe proprietăți esențiale, cum ar fi tranzitivitatea sau faptul că dacă un număr divide două altele, el divide și suma sau produsul acestora. Un <strong>număr prim</strong> are doar doi divizori: 1 și el însuși. Două numere sunt <strong>prime între ele</strong> dacă nu au alt divizor comun în afară de 1.\r\n</p>\r\n', 5),
	(30, 'Lectia 4-Criterii de divizibilitate', NULL, NULL, '<h2>Criterii de divizibilitate</h2>\r\n<p>Criteriile de divizibilitate ne ajută să stabilim dacă un număr natural <strong>m</strong> este divizibil cu un număr <strong>n</strong>, fără a efectua împărțirea.</p>\r\n\r\n<h3>Divizibilitate cu 2</h3>\r\n<p>Un număr este divizibil cu 2 dacă ultima sa cifră este 0, 2, 4, 6 sau 8.</p>\r\n<p><strong>Exemple:</strong> 18, 36, 258, 1490</p>\r\n\r\n<h3>Divizibilitate cu 3</h3>\r\n<p>Un număr este divizibil cu 3 dacă suma cifrelor este divizibilă cu 3.</p>\r\n<p><strong>Exemple:</strong> 18 (1+8=9), 222 (2+2+2=6), 7128 (7+1+2+8=18)</p>\r\n\r\n<h3>Divizibilitate cu 4</h3>\r\n<p>Un număr este divizibil cu 4 dacă ultimele două cifre formează un număr divizibil cu 4.</p>\r\n<p><strong>Exemple:</strong> 312, 1248</p>\r\n\r\n<h3>Divizibilitate cu 5</h3>\r\n<p>Un număr este divizibil cu 5 dacă ultima cifră este 0 sau 5.</p>\r\n<p><strong>Exemple:</strong> 125, 340, 8255</p>\r\n\r\n<h3>Divizibilitate cu 6</h3>\r\n<p>Un număr este divizibil cu 6 dacă este divizibil cu 2 și cu 3.</p>\r\n<p><strong>Exemple:</strong> 54, 120</p>\r\n\r\n<h3>Divizibilitate cu 8</h3>\r\n<p>Un număr este divizibil cu 8 dacă ultimele trei cifre formează un număr divizibil cu 8.</p>\r\n<p><strong>Exemple:</strong> 1312, 2000</p>\r\n\r\n<h3>Divizibilitate cu 9</h3>\r\n<p>Un număr este divizibil cu 9 dacă suma cifrelor este divizibilă cu 9.</p>\r\n<p><strong>Exemple:</strong> 117 (1+1+7=9), 2853 (2+8+5+3=18)</p>\r\n\r\n<h3>Divizibilitate cu 10, 100, 1000</h3>\r\n<p>Un număr este divizibil cu 10 dacă ultima cifră este 0.<br>\r\nEste divizibil cu 100 dacă ultimele două cifre sunt 00, și cu 1000 dacă ultimele trei cifre sunt 000.</p>\r\n<p><strong>Exemple:</strong> 1360 (cu 10), 15200 (cu 100), 725000 (cu 1000)</p>\r\n\r\n<h3>Divizibilitate cu 11</h3>\r\n<p>Un număr este divizibil cu 11 dacă diferența dintre suma cifrelor de pe poziții impare și pare este divizibilă cu 11 sau este 0.</p>\r\n<p><strong>Exemple:</strong> 2728 → (2+2)-(7+8)= -11; 121 → (1+1)-2=0</p>\r\n', '<h2>Rezumat - Criterii de divizibilitate</h2>\r\n<p>\r\nCriteriile de divizibilitate sunt reguli simple care ne ajută să verificăm dacă un număr este divizibil cu altul fără a face împărțirea efectivă. \r\nFiecare criteriu se bazează pe proprietăți ale cifrelor (ultima cifră, suma cifrelor, poziții etc.).\r\nAceste reguli sunt utile pentru calcule mentale, verificări rapide și simplificări.\r\n</p>\r\n', 5),
	(31, 'Lectia 5-Numere prime. Numere compuse', NULL, NULL, '<h2>Numere Prime și Compuse</h2>\r\n\r\n<p>Un <strong>număr prim</strong> este un număr natural care are exact doi divizori: 1 și el însuși.</p>\r\n\r\n<p><strong>Lista numerelor prime mai mici decât 100:</strong></p>\r\n<p>\r\n2, 3, 5, 7, 11, 13, 17, 19, 23, 29, 31, 37, 41, 43, 47, 53, 59, 61, 67, 71, 73, 79, 83, 89, 97\r\n</p>\r\n\r\n<p><strong>Observație:</strong> Singurul număr prim par este <strong>2</strong>. Toate celelalte numere pare sunt compuse, deoarece se divid cel puțin și cu 2.</p>\r\n\r\n<h3>Numere compuse</h3>\r\n<p>Un <strong>număr compus</strong> este un număr natural care are mai mult de doi divizori, adică se poate împărți exact la alte numere în afară de 1 și el însuși.</p>\r\n\r\n<h4>Exemplu:</h4>\r\n<p>\r\n18 este un număr compus deoarece are mai mulți divizori: <br>\r\n18 ÷ 1 = 18 <br>\r\n18 ÷ 2 = 9 <br>\r\n18 ÷ 3 = 6 <br>\r\n18 ÷ 6 = 3 <br>\r\n18 ÷ 9 = 2 <br>\r\n18 ÷ 18 = 1\r\n</p>\r\n<p>\r\nPrin urmare, <strong>divizorii lui 18</strong> sunt: 1, 2, 3, 6, 9, 18.\r\n</p>\r\n<p>Fiind mai mult de doi divizori, <strong>18 este un număr compus</strong>.</p>\r\n', '<h2>Rezumat - Numere Prime și Compuse</h2>\r\n<p>\r\nUn <strong>număr prim</strong> este un număr natural care are exact doi divizori: 1 și el însuși. \r\nSingurul număr prim par este 2. Restul numerelor pare sunt compuse.\r\n</p>\r\n<p>\r\nUn <strong>număr compus</strong> este un număr natural mai mare decât 1 care are mai mult de doi divizori. \r\nAceste numere pot fi împărțite exact la alte numere în afară de 1 și el însuși.\r\n</p>\r\n', 5),
	(32, 'Lectia 6-Descompunerea unui număr natural în produs de puteri de numere prime', NULL, NULL, '<h2>Descompunerea în factori primi</h2>\r\n\r\n<p>A descompune un număr natural în <strong>factori primi</strong> înseamnă a-l scrie ca un produs de puteri ale numerelor prime.</p>\r\n\r\n<h3>Exemplu 1: Descompunerea numărului 36</h3>\r\n<p>\r\nVerificăm divizibilitatea începând cu cel mai mic număr prim:\r\n<ul>\r\n    <li>36 ÷ 2 = 18</li>\r\n    <li>18 ÷ 2 = 9</li>\r\n    <li>9 ÷ 3 = 3</li>\r\n    <li>3 ÷ 3 = 1</li>\r\n</ul>\r\nRezultatul: <strong>36 = 2² × 3²</strong>\r\n</p>\r\n\r\n<h3>Exemplu 2: Descompunerea numărului 720</h3>\r\n<p>\r\n<ul>\r\n    <li>720 ÷ 2 = 360</li>\r\n    <li>360 ÷ 2 = 180</li>\r\n    <li>180 ÷ 2 = 90</li>\r\n    <li>90 ÷ 2 = 45</li>\r\n    <li>45 ÷ 3 = 15</li>\r\n    <li>15 ÷ 3 = 5</li>\r\n    <li>5 ÷ 5 = 1</li>\r\n</ul>\r\nRezultatul: <strong>720 = 2⁴ × 3² × 5</strong>\r\n</p>\r\n\r\n<h3>Exemplu 3: Descompunerea numărului 5100</h3>\r\n<p>\r\nObservăm că 5100 = 100 × 51 = (2 × 5)² × (3 × 17) =\r\n<br><strong>5100 = 2² × 3 × 5² × 17</strong>\r\n</p>\r\n\r\n<hr>\r\n\r\n<h3>Aplicație - Problemă de divizibilitate</h3>\r\n<p>\r\nArătați că pentru orice <strong>n ∈ ℕ</strong>, numărul:<br>\r\n<code>a = 6^(n+1) + 5 × 2^n × 3^(n+2)</code><br>\r\neste divizibil cu 51.\r\n</p>\r\n\r\n<h4>Soluție:</h4>\r\n<p>\r\nScriem puterile separat folosind proprietățile exponentului:\r\n<ul>\r\n    <li>6^(n+1) = 6^n × 6</li>\r\n    <li>3^(n+2) = 3^n × 9</li>\r\n    <li>2^n × 3^n = (2×3)^n = 6^n</li>\r\n</ul>\r\n\r\nAstfel, putem rescrie:\r\n<pre>\r\na = 6^n × 6 + 5 × 6^n × 9\r\n  = 6^n × (6 + 5×9)\r\n  = 6^n × (6 + 45)\r\n  = 6^n × 51\r\n</pre>\r\n\r\nConcluzie: <strong>a este divizibil cu 51</strong>, deoarece este un produs în care unul dintre factori este 51.\r\n</p>\r\n', '<h2>Rezumat - Descompunerea în factori primi</h2>\r\n<p>\r\nDescompunerea unui număr în factori primi înseamnă scrierea lui ca un produs de puteri ale numerelor prime. Acest proces este util pentru analiza divizibilității și pentru simplificarea fracțiilor sau calcularea celui mai mic multiplu comun (cmmmc).\r\n</p>\r\n<p>\r\nPentru a face descompunerea, verificăm dacă numărul este divizibil cu numerele prime în ordine: 2, 3, 5, 7, 11 etc., până când ajungem la 1. Rezultatul se scrie ca produs de factori primi.\r\n</p>\r\n', 5),
	(33, 'Lectia 7-Cel mai mare divizor comun (c.m.m.d.c.) şi cel mai mic multiplu comun (c.m.m.m.c.)', NULL, NULL, '<h2>Cel mai mare divizor comun (c.m.m.d.c.) și cel mai mic multiplu comun (c.m.m.m.c.)</h2>\r\n\r\n<h3>Cel mai mare divizor comun - c.m.m.d.c.</h3>\r\n<p>\r\n<strong>Definiție:</strong> c.m.m.d.c. a două sau mai multe numere este cel mai mare număr care divide toate numerele respective fără rest.\r\n</p>\r\n<p><strong>Notație:</strong> c.m.m.d.c. a numerelor <em>a</em> și <em>b</em> se notează: <strong>(a, b)</strong></p>\r\n\r\n<p><strong>Metodă de calcul:</strong></p>\r\n<ul>\r\n  <li>Se descompun numerele în factori primi.</li>\r\n  <li>Se înmulțesc toți <strong>factorii comuni</strong>, luați o singură dată, cu <strong>exponentul cel mai mic</strong>.</li>\r\n</ul>\r\n\r\n<h4>Exemplu:</h4>\r\n<p>\r\n30 = 2 × 3 × 5<br>\r\n45 = 3² × 5<br>\r\n(30, 45) = 3 × 5 = <strong>15</strong>\r\n</p>\r\n\r\n<hr>\r\n\r\n<h3>Cel mai mic multiplu comun - c.m.m.m.c.</h3>\r\n<p>\r\n<strong>Definiție:</strong> c.m.m.m.c. a două sau mai multe numere este cel mai mic număr, diferit de zero, care este divizibil cu toate numerele respective.\r\n</p>\r\n<p><strong>Notație:</strong> c.m.m.m.c. a numerelor <em>a</em> și <em>b</em> se notează: <strong>[a, b]</strong></p>\r\n\r\n<p><strong>Metodă de calcul:</strong></p>\r\n<ul>\r\n  <li>Se descompun numerele în factori primi.</li>\r\n  <li>Se înmulțesc toți <strong>factorii comuni și necomuni</strong>, luați o singură dată, cu <strong>exponentul cel mai mare</strong>.</li>\r\n</ul>\r\n\r\n<h4>Exemplu:</h4>\r\n<p>\r\n30 = 2 × 3 × 5<br>\r\n45 = 3² × 5<br>\r\n[30, 45] = 2 × 3² × 5 = <strong>90</strong>\r\n</p>\r\n', '<h2>Rezumat - c.m.m.d.c. și c.m.m.m.c.</h2>\r\n<p>\r\n<strong>Cel mai mare divizor comun (c.m.m.d.c.)</strong> a două sau mai multe numere este cel mai mare număr care divide exact toate numerele date. Se determină prin descompunerea în factori primi și înmulțirea factorilor comuni, cu exponentul cel mai mic.\r\n</p>\r\n<p>\r\n<strong>Cel mai mic multiplu comun (c.m.m.m.c.)</strong> este cel mai mic număr diferit de zero care este divizibil cu toate numerele date. Se calculează prin descompunerea în factori primi și înmulțirea tuturor factorilor (comuni și necomuni), cu exponentul cel mai mare.\r\n</p>\r\n', 5),
	(34, 'Lectia 1-Ecuații în mulțimea numerelor raționale pozitive', NULL, NULL, '<h2>Etapele rezolvării unei probleme cu ajutorul ecuațiilor</h2>\r\n\r\n<ol>\r\n  <li>\r\n    <strong>1. Stabilim mărimile cunoscute și necunoscute</strong><br>\r\n    Citim problema și identificăm ce se știe și ce trebuie aflat.\r\n    <br><em>Exemplu:</em> Ana are cu 7 lei mai puțin decât Maria. Împreună au 43 de lei.\r\n  </li>\r\n\r\n  <li>\r\n    <strong>2. Notăm necunoscuta cu o literă</strong><br>\r\n    Notăm cu <strong>x</strong> suma de bani pe care o are Maria.\r\n    <br><em>Așadar:</em> Ana are x - 7 lei.\r\n  </li>\r\n\r\n  <li>\r\n    <strong>3. Formăm ecuația</strong><br>\r\n    Transcriem situația în limbaj matematic:\r\n    <br><strong>x + (x - 7) = 43</strong>\r\n    <br>Acest lucru reflectă faptul că împreună au 43 de lei.\r\n  </li>\r\n\r\n  <li>\r\n    <strong>4. Rezolvăm ecuația</strong><br>\r\n    <pre>\r\nx + (x - 7) = 43\r\nx + x - 7 = 43\r\n2x - 7 = 43\r\n2x = 43 + 7\r\n2x = 50\r\nx = 25\r\n    </pre>\r\n    <br>Maria are 25 lei, iar Ana are 25 - 7 = 18 lei.\r\n  </li>\r\n\r\n  <li>\r\n    <strong>5. Verificăm și interpretăm rezultatul</strong><br>\r\n    Maria: 25 lei, Ana: 18 lei → Suma: 25 + 18 = 43 ✔️\r\n    <br>Răspuns final: <strong>Maria are 25 lei, Ana are 18 lei.</strong>\r\n  </li>\r\n</ol>\r\n', '<h2>Rezumat - Etapele rezolvării unei probleme cu ajutorul ecuațiilor</h2>\r\n<p>\r\nPentru a rezolva o problemă cu ajutorul ecuațiilor, urmăm pași clari și logici:\r\n</p>\r\n<ol>\r\n  <li>Identificăm mărimile cunoscute și necunoscute din enunț.</li>\r\n  <li>Notăm necunoscuta cu o literă, de obicei <strong>x</strong>.</li>\r\n  <li>Transformăm enunțul problemei într-o ecuație matematică.</li>\r\n  <li>Rezolvăm ecuația obținută.</li>\r\n  <li>Verificăm soluția și interpretăm rezultatul în contextul problemei.</li>\r\n</ol>\r\n', 6),
	(35, 'Lectia 2-Ecuații în mulțimea numerelor întregi', NULL, NULL, '<h2>A. Ecuații de forma ax + b = c</h2>\r\n\r\n<p>O ecuație de forma <strong>ax + b = c</strong>, unde <em>a ≠ 0</em>, se numește ecuație liniară cu o necunoscută.</p>\r\n<p><strong>x</strong> este necunoscuta, iar <strong>a</strong> se numește coeficientul necunoscutei.</p>\r\n<p>O valoare a lui <strong>x</strong> care verifică ecuația se numește <strong>soluție</strong>.</p>\r\n\r\n<h3>Pașii de rezolvare:</h3>\r\n<ol>\r\n  <li><strong>Scădem b din ambii membri:</strong><br>\r\n    ax + b = c → ax = c - b\r\n  </li>\r\n  <li><strong>Împărțim la a ambii membri:</strong><br>\r\n    ax = c - b → x = (c - b) / a\r\n  </li>\r\n</ol>\r\n\r\n<h4>Exemplu:</h4>\r\n<p>\r\nRezolvăm ecuația: <strong>4x + 6 = 18</strong><br>\r\nPas 1: 4x = 18 - 6 → 4x = 12<br>\r\nPas 2: x = 12 ÷ 4 → x = <strong>3</strong>\r\n</p>\r\n\r\n<hr>\r\n\r\n<h2>B. Ecuații cu modul: |x| = a</h2>\r\n\r\n<p>Ecuațiile de forma <strong>|x| = a</strong>, unde <em>a</em> este un număr întreg, au următoarele cazuri:</p>\r\n\r\n<ul>\r\n  <li><strong>Dacă a &lt; 0</strong> → ecuația nu are soluții.</li>\r\n  <li><strong>Dacă a = 0</strong> → soluția este unică: x = 0.</li>\r\n  <li><strong>Dacă a &gt; 0</strong> → ecuația are două soluții: x = a și x = -a.</li>\r\n</ul>\r\n\r\n<h4>Exemple:</h4>\r\n\r\n<p>\r\n1. |x| = -5 → <strong>Nu are soluții</strong> (modulul nu poate fi negativ)<br>\r\n2. |x| = 0 → <strong>x = 0</strong><br>\r\n3. |x| = 7 → <strong>x = 7</strong> sau <strong>x = -7</strong>\r\n</p>\r\n', '<h2>Rezumat - Ecuații de forma ax + b = c și ecuații cu modul</h2>\r\n<p>\r\nEcuațiile de forma <strong>ax + b = c</strong> sunt ecuații liniare cu o necunoscută. Rezolvarea presupune izolarea lui <strong>x</strong> prin operații inverse: scădere și împărțire.\r\n</p>\r\n<p>\r\nEcuațiile cu modul <strong>|x| = a</strong> au reguli speciale în funcție de semnul lui <strong>a</strong>. Dacă a &lt; 0, nu există soluție. Dacă a = 0, soluția este unică. Dacă a &gt; 0, soluțiile sunt două: <strong>x = a</strong> și <strong>x = -a</strong>.\r\n</p>\r\n', 6),
	(36, 'Lectia 3-Inecuații în mulțimea numerelor întregi', NULL, NULL, '<h2>A. Inecuații de forma ax + b &lt; c</h2>\r\n\r\n<p>O inecuație de forma <strong>ax + b &lt; c</strong>, <em>a ≠ 0</em>, se numește inecuație liniară cu o necunoscută.</p>\r\n<p><strong>x</strong> este necunoscuta, iar <strong>a</strong> este coeficientul ei.</p>\r\n<p>Rezolvarea înseamnă găsirea tuturor valorilor lui x pentru care inegalitatea este adevărată.</p>\r\n\r\n<h3>Pași de rezolvare:</h3>\r\n<ol>\r\n  <li><strong>Scădem b din ambii membri:</strong><br>\r\n    ax + b &lt; c → ax &lt; c − b\r\n  </li>\r\n  <li><strong>Împărțim ambii membri la a:</strong><br>\r\n    ax &lt; c − b → x &lt; (c − b) / a<br>\r\n    <strong>Atenție:</strong> dacă a &lt; 0, se schimbă semnul inegalității!\r\n  </li>\r\n</ol>\r\n\r\n<h4>Exemplu:</h4>\r\n<p>\r\nRezolvăm inecuația: <strong>2x + 4 &lt; 10</strong><br>\r\nPas 1: 2x &lt; 10 − 4 → 2x &lt; 6<br>\r\nPas 2: x &lt; 6 ÷ 2 → x &lt; <strong>3</strong><br>\r\nSoluția: toate valorile reale mai mici decât 3\r\n</p>\r\n\r\n<hr>\r\n\r\n<h2>B. Inecuații cu modul</h2>\r\n\r\n<p>O inecuație de forma <strong>|x| &lt; a</strong>, unde <em>a &gt; 0</em>, se transformă într-o dublă inegalitate:</p>\r\n<p><strong>−a &lt; x &lt; a</strong></p>\r\n\r\n<h4>Exemplu 1:</h4>\r\n<p>\r\nRezolvăm: <strong>|x| ≤ 4</strong><br>\r\nRezultatul: <strong>−4 ≤ x ≤ 4</strong><br>\r\nDacă x ∈ ℤ, atunci:<br>\r\n<strong>x ∈ {−4, −3, −2, −1, 0, 1, 2, 3, 4}</strong>\r\n</p>\r\n\r\n<h4>Exemplu 2:</h4>\r\n<p>\r\nRezolvăm: <strong>|x| &lt; 2</strong><br>\r\nRezultatul: <strong>−2 &lt; x &lt; 2</strong><br>\r\nDacă x ∈ ℤ, atunci:<br>\r\n<strong>x ∈ {−1, 0, 1}</strong>\r\n</p>\r\n', '<h2>Rezumat - Inecuații de forma ax + b &lt; c și inecuații cu modul</h2>', 6),
	(37, 'Lectia 1-Triunghiul', NULL, NULL, '<h2>Triunghiul</h2>\r\n\r\n<p>Triunghiul este o figură geometrică obținută prin reuniunea segmentelor <strong>[AB]</strong>, <strong>[BC]</strong>, <strong>[CA]</strong>, unde A, B, C sunt trei puncte necoliniare.</p>\r\n<p>Este un poligon cu <strong>3 laturi</strong>.</p>\r\n\r\n<h3>Elementele unui triunghi</h3>\r\n<ul>\r\n  <li><strong>Laturile:</strong> [AB], [BC], [CA]</li>\r\n  <li><strong>Unghiurile:</strong> &lt;ABC, &lt;BCA, &lt;BAC</li>\r\n  <li><strong>Vârfurile:</strong> A, B, C</li>\r\n</ul>\r\n\r\n<p><strong>Notație:</strong> triunghiul ABC se notează: <strong>△ABC</strong></p>\r\n\r\n<h3>Proprietate importantă</h3>\r\n<p>În orice triunghi, <strong>suma unghiurilor este egală cu 180°</strong>.</p>\r\n\r\n<h3>Perimetrul triunghiului</h3>\r\n<p>\r\nPerimetrul unui triunghi este suma lungimilor laturilor:\r\n<br><strong>P = AB + BC + CA</strong>\r\n</p>\r\n\r\n<h3>Semiperimetrul triunghiului</h3>\r\n<p>\r\nSemiperimetrul este jumătate din perimetru:\r\n<br><strong>s = (AB + BC + CA) / 2</strong>\r\n</p>\r\n\r\n<h4>Exemplu:</h4>\r\n<p>\r\nDacă △ABC are laturile AB = 2 cm, BC = 3 cm, CA = 4 cm:\r\n<br>\r\n<strong>P<sub>△ABC</sub> = 2 + 3 + 4 = 9 cm</strong><br>\r\n<strong>s<sub>△ABC</sub> = 9 / 2 = 4,5 cm</strong>\r\n</p>\r\n\r\n<h3>Unghi exterior al unui triunghi</h3>\r\n<p>\r\nUn <strong>unghi exterior</strong> este adiacent și suplementar unui unghi interior al triunghiului.\r\n</p>\r\n<p>\r\nDe exemplu, dacă extindem latura <strong>[BC]</strong> în punctul C spre un punct D, atunci &lt;ACD este unghi exterior pentru &lt;BAC.\r\n</p>\r\n<p>\r\nProprietate: <strong>&lt;ACD = 180° − &lt;BAC</strong>\r\n</p>\r\n', '<h2>Rezumat - Triunghi</h2>\r\n<p>\r\nTriunghiul este un poligon cu 3 laturi, format prin unirea a trei puncte necoliniare. Are 3 laturi, 3 unghiuri și 3 vârfuri. Suma unghiurilor unui triunghi este întotdeauna 180°.\r\n</p>\r\n<p>\r\nPerimetrul este suma laturilor, iar semiperimetrul este jumătate din perimetru. Unghiul exterior este adiacent și suplementar unui unghi interior.\r\n</p>\r\n', 7),
	(38, 'Lectia 2-Triunghiul isoscel', NULL, NULL, '<h2>Triunghiul isoscel</h2>\r\n\r\n<p><strong>Definiție:</strong> Triunghiul isoscel este triunghiul care are două laturi congruente. A treia latură se numește <strong>bază</strong>.</p>\r\n\r\n<h3>Proprietățile triunghiului isoscel</h3>\r\n\r\n<ol>\r\n  <li>\r\n    <strong>Unghiurile alăturate bazei sunt congruente.</strong><br>\r\n    Dacă △ABC este isoscel cu AB = AC, atunci &lt;ABC = &lt;ACB.\r\n  </li>\r\n\r\n  <li>\r\n    <strong>Bisectoarea unghiului opus bazei este și înălțime, mediană și mediatoare.</strong><br>\r\n    În triunghiul △ABC cu AB = AC, bisectoarea unghiului &lt;BAC este perpendiculară pe BC (baza) și o împarte în două segmente egale.\r\n  </li>\r\n\r\n  <li>\r\n    <strong>Mediatoarea bazei este axă de simetrie a triunghiului.</strong><br>\r\n    Orice triunghi isoscel este simetric față de o axă care trece prin vârful opus bazei și mijlocul bazei.\r\n  </li>\r\n\r\n  <li>\r\n    <strong>Bisectoarele unghiurilor congruente sunt congruente între ele.</strong><br>\r\n    Dacă AB = AC, atunci bisectoarele unghiurilor &lt;ABC și &lt;ACB sunt egale în lungime.\r\n  </li>\r\n\r\n  <li>\r\n    <strong>Medianele corespunzătoare laturilor congruente sunt congruente.</strong><br>\r\n    Mediana din B spre AC este egală cu mediana din C spre AB.\r\n  </li>\r\n\r\n  <li>\r\n    <strong>Înălțimile corespunzătoare laturilor congruente sunt congruente.</strong>\r\n  </li>\r\n\r\n  <li>\r\n    <strong>Un triunghi isoscel cu un unghi de 60° este echilateral.</strong><br>\r\n    Dacă △ABC este isoscel și unul dintre unghiurile sale măsoară 60°, atunci toate unghiurile sunt de 60° și triunghiul este echilateral.\r\n  </li>\r\n\r\n  <li>\r\n    <strong>Medianele, bisectoarele și înălțimile din vârfurile bazei NU coincid,</strong> decât în cazul triunghiului echilateral.\r\n  </li>\r\n\r\n  <li>\r\n    <strong>Reciproc:</strong> Dacă un triunghi are două unghiuri egale, atunci este isoscel.\r\n  </li>\r\n\r\n  <li>\r\n    <strong>Proprietate inversă:</strong> Dacă o mediană este și înălțime sau bisectoare sau mediatoare, triunghiul este isoscel.\r\n  </li>\r\n</ol>\r\n', '<h2>Rezumat - Triunghiul isoscel</h2>\r\n<p>\r\nTriunghiul isoscel este triunghiul care are două laturi egale (congruente), iar a treia se numește bază.\r\n</p>\r\n<p>\r\nUnghiurile de la bază sunt egale, iar bisectoarea unghiului opus bazei este în același timp înălțime, mediană și mediatoare. Triunghiul isoscel are axă de simetrie. Dacă un triunghi are două unghiuri egale, el este isoscel.\r\n</p>\r\n', 7),
	(39, 'Lectia 3-Triunghiul dreptunghic', NULL, NULL, '<h2>Triunghiul dreptunghic</h2>\r\n\r\n<p><strong>Definiție:</strong> Un triunghi dreptunghic este un triunghi care are un unghi drept (90° sau π/2 radiani).</p>\r\n<p>Latura opusă unghiului drept se numește <strong>ipotenuză</strong> și este cea mai lungă. Celelalte două laturi se numesc <strong>catete</strong>.</p>\r\n\r\n<h3>Proprietăți ale triunghiului dreptunghic</h3>\r\n<ul>\r\n  <li>Suma unghiurilor ascuțite este 90°: <strong>&lt;B + &lt;C = 90°</strong>.</li>\r\n  <li>Mediana pe ipotenuză este egală cu jumătate din ipotenuză.</li>\r\n  <li>Triunghiul dreptunghic se poate înscrie într-un cerc având centrul la mijlocul ipotenuzei.</li>\r\n  <li>Ortocentrul triunghiului este în vârful unghiului drept.</li>\r\n  <li>Dacă are un unghi de 30°, atunci cateta opusă acestuia este <strong>jumătate din ipotenuză</strong>.</li>\r\n</ul>\r\n\r\n<h3>Teoremele înălțimii</h3>\r\n<h4>1. Prima teoremă a înălțimii:</h4>\r\n<p>Într-un triunghi dreptunghic, lungimea înălțimii pe ipotenuză este media geometrică a proiecțiilor catetelor:</p>\r\n<p><strong>CD² = AD × BD</strong> sau <strong>CD = √(AD × BD)</strong></p>\r\n\r\n<h4>2. A doua teoremă a înălțimii:</h4>\r\n<p>Produsul înălțimii pe ipotenuză cu ipotenuza este egal cu produsul catetelor:</p>\r\n<p><strong>CD × AB = AC × BC</strong></p>\r\n\r\n<h3>Teorema catetei</h3>\r\n<p>Fiecare catetă este media geometrică între ipotenuză și proiecția sa pe ipotenuză:</p>\r\n<p><strong>BC² = AB × BD</strong> sau <strong>BC = √(AB × BD)</strong></p>\r\n\r\n<h3>Teoreme speciale legate de unghiuri</h3>\r\n<ul>\r\n  <li><strong>Unghi de 45°:</strong> Înălțimea pe ipotenuză = ½ × ipotenuză</li>\r\n  <li><strong>Unghi de 30°:</strong> Cateta opusă = ½ × ipotenuză</li>\r\n  <li><strong>Unghi de 15°:</strong> Înălțimea opusă = ¼ × ipotenuză</li>\r\n</ul>\r\n\r\n<h3>Aria triunghiului dreptunghic</h3>\r\n<p>Dacă <strong>c₁</strong> și <strong>c₂</strong> sunt catetele, iar <strong>i</strong> ipotenuza și <strong>h</strong> înălțimea pe ipotenuză:</p>\r\n<ul>\r\n  <li><strong>A = (c₁ × c₂) / 2</strong></li>\r\n  <li><strong>A = (i × h) / 2</strong></li>\r\n</ul>\r\n\r\n<h3>Teorema lui Pitagora</h3>\r\n<p>\r\nÎntr-un triunghi dreptunghic, pătratul ipotenuzei este egal cu suma pătratelor catetelor:\r\n</p>\r\n<p><strong>AB² = AC² + BC²</strong></p>\r\n<p>Unde AB este ipotenuza, iar AC și BC sunt catetele.</p>\r\n', '<h2>Rezumat - Triunghiul dreptunghic</h2>\r\n<p>\r\nUn triunghi dreptunghic este un triunghi care are un unghi de 90°. Latura opusă unghiului drept se numește <strong>ipotenuză</strong> (cea mai lungă), iar celelalte două se numesc <strong>catete</strong>.\r\n</p>\r\n<p>\r\nAre numeroase proprietăți și formule specifice: înălțimea pe ipotenuză, teorema catetei, teoremele înălțimii și teorema lui Pitagora, toate oferind metode utile pentru calculul lungimilor și ariilor.\r\n</p>\r\n', 7),
	(40, 'Lectia 4-Triunghiul echilateral', NULL, NULL, '<h2>Triunghiul echilateral</h2>\r\n\r\n<p><strong>Definiție:</strong> Un triunghi este echilateral dacă are toate cele trei laturi egale. În geometria euclidiană, este și echiangular, adică toate unghiurile interne sunt egale între ele (60°).</p>\r\n<p>Notație: Dacă △ABC este echilateral, atunci <strong>AB ≡ AC ≡ BC</strong>.</p>\r\n\r\n<h3>Proprietățile triunghiului echilateral</h3>\r\n\r\n<ol>\r\n  <li>\r\n    <strong>Toate unghiurile sunt congruente:</strong><br>\r\n    &ang;A = &ang;B = &ang;C = 60°\r\n  </li>\r\n\r\n  <li>\r\n    <strong>Toate liniile importante coincid:</strong><br>\r\n    Fiecare mediană este în același timp înălțime, bisectoare și mediatoare. Acestea sunt și axe de simetrie.\r\n  </li>\r\n\r\n  <li>\r\n    <strong>Are 3 axe de simetrie.</strong><br>\r\n    Este triunghiul cu cele mai multe axe de simetrie dintre toate triunghiurile.\r\n  </li>\r\n\r\n  <li>\r\n    <strong>Mijloacele laturilor formează un alt triunghi echilateral.</strong>\r\n  </li>\r\n\r\n  <li>\r\n    <strong>Cele patru centre ale triunghiului coincid:</strong><br>\r\n    Centru cerc înscris = centru cerc circumscris = ortocentru = centru de greutate (notat cu O).\r\n  </li>\r\n\r\n  <li>\r\n    <strong>Formule speciale:</strong><br>\r\n    <ul>\r\n      <li>Înălțimea: h = (√3 / 2) × l</li>\r\n      <li>Raza cercului circumscris: R = (l√3) / 3</li>\r\n      <li>Apotema (raza cercului înscris): a = (l√3) / 6 = R / 2</li>\r\n    </ul>\r\n  </li>\r\n\r\n  <li>\r\n    <strong>Triunghiul echilateral moștenește toate proprietățile triunghiului isoscel.</strong>\r\n  </li>\r\n\r\n  <li>\r\n    <strong>Dacă un triunghi isoscel are un unghi de 60°, atunci este echilateral.</strong>\r\n  </li>\r\n</ol>\r\n\r\n<h3>Perimetrul triunghiului echilateral</h3>\r\n<p>\r\nDacă l este lungimea unei laturi, atunci:<br>\r\n<strong>P = 3 × l</strong><br>\r\nFormule echivalente:<br>\r\nP = 3R√3  |  P = 6r√3\r\n</p>\r\n\r\n<h3>Aria triunghiului echilateral</h3>\r\n<p>\r\nFormula ariei în funcție de latură:<br>\r\n<strong>A = (l²√3) / 4</strong>\r\n</p>\r\n\r\n<h3>Criterii de recunoaștere</h3>\r\n<ul>\r\n  <li>Un triunghi isoscel cu un unghi de 60° este echilateral.</li>\r\n  <li>Dacă cel puțin două dintre cele patru centre ale triunghiului coincid, atunci triunghiul este echilateral.</li>\r\n</ul>\r\n\r\n<h3>Construcția geometrică a unui triunghi echilateral</h3>\r\n<ol>\r\n  <li>Se trasează un cerc de rază r.</li>\r\n  <li>Se alege un punct A pe cerc și se desenează un alt cerc cu același r și centru în A.</li>\r\n  <li>Cele două cercuri se intersectează în două puncte (notate B și C).</li>\r\n  <li>Prin unirea punctelor A, B și C se obține triunghiul echilateral △ABC.</li>\r\n</ol>\r\n', '<h2>Rezumat - Triunghiul echilateral</h2>\r\n<p>\r\nTriunghiul echilateral are toate cele trei laturi egale și toate unghiurile egale, fiecare măsurând 60°. Este un poligon regulat, simetric, și moștenește proprietățile triunghiului isoscel.\r\n</p>\r\n<p>\r\nÎn acest triunghi, toate liniile importante (mediană, înălțime, bisectoare, mediatoare) coincid. Perimetrul este 3×latura, iar aria se calculează cu formula: A = (l²√3)/4. Centrele triunghiului coincid într-un singur punct.\r\n</p>\r\n', 7),
	(41, 'Lectia 5-Apotema triunghiului echilateral', NULL, NULL, '<h2>Triunghiul echilateral și apotema</h2>\r\n\r\n<p><strong>Triunghiul echilateral</strong> este triunghiul cu toate laturile egale și toate unghiurile de 60°, fiind un poligon regulat.</p>\r\n\r\n<p>Notație: △ABC este echilateral ⟹ AB ≡ AC ≡ BC.</p>\r\n\r\n<h3>Ce este apotema?</h3>\r\n<p>\r\nApotema este segmentul care unește centrul triunghiului (notat O) cu mijlocul unei laturi, fiind perpendicular pe acea latură.\r\n</p>\r\n<p>\r\nÎn triunghiul echilateral, apotema este:\r\n<ul>\r\n  <li>înălțimea triunghiului format de vârf, centru și mijlocul unei laturi</li>\r\n  <li>raza cercului <strong>înscris</strong> în triunghi</li>\r\n</ul>\r\n</p>\r\n\r\n<h3>Formulele apotemei</h3>\r\n<ul>\r\n  <li><strong>a = (l × √3) / 6</strong> – în funcție de lungimea laturii l</li>\r\n  <li><strong>a = R / 2</strong> – unde R este raza cercului circumscris</li>\r\n</ul>\r\n\r\n<p>De asemenea:</p>\r\n<ul>\r\n  <li>R = (l × √3) / 3</li>\r\n  <li>⇒ a = (l × √3) / 6</li>\r\n</ul>\r\n\r\n<h4>Exemplu:</h4>\r\n<p>\r\nDacă un triunghi echilateral are latura <strong>l = 6 cm</strong>, atunci:<br>\r\na = (6 × √3) / 6 = √3 cm ≈ 1.73 cm\r\n</p>\r\n', '<h2>Rezumat - Apotema triunghiului echilateral</h2>\r\n<p>\r\nApotema este segmentul care unește centrul triunghiului echilateral cu mijlocul unei laturi și este perpendicular pe acea latură. În triunghiul echilateral, apotema este totodată și raza cercului înscris.\r\n</p>\r\n<p>\r\nFormula pentru apotemă în funcție de latura <strong>l</strong> este: <strong>a = (l√3) / 6</strong>. \r\nApotema este și jumătate din raza cercului circumscris: <strong>a = R / 2</strong>.\r\n</p>\r\n', 7),
	(42, 'Lectia 1-Unghiuri. Clasificarea unghiurilor', NULL, NULL, '<h2>Unghiul</h2>\r\n\r\n<p>Un <strong>unghi</strong> este figura geometrică formată din două <strong>semidrepte</strong> care au aceeași origine.</p>\r\n<p>Această origine comună se numește <strong>vârful unghiului</strong>, iar semidreptele se numesc <strong>laturi</strong>.</p>\r\n\r\n<h3>Notații pentru unghiuri:</h3>\r\n<ul>\r\n  <li>&ang;AOB</li>\r\n  <li>∠O</li>\r\n  <li>&#94;AOB</li>\r\n  <li>Ô (O cu accent circumflex)</li>\r\n</ul>\r\n\r\n<h3>Instrumentul de măsură:</h3>\r\n<p>\r\nUnghiurile se măsoară cu <strong>raportorul</strong>, iar <strong>unitatea de măsură este gradul</strong> (°).\r\n</p>\r\n\r\n<h3>Clasificarea unghiurilor în funcție de măsura lor:</h3>\r\n\r\n<ol>\r\n  <li><strong>Unghi nul</strong> – are măsura de <strong>0°</strong><br>\r\n      (laturile sale sunt semidrepte care coincid).\r\n  </li>\r\n  <li><strong>Unghi drept</strong> – are măsura de <strong>90°</strong><br>\r\n      (laturile sunt semidrepte perpendiculare).\r\n  </li>\r\n  <li><strong>Unghi alungit</strong> – are măsura de <strong>180°</strong><br>\r\n      (laturile sunt semidrepte opuse).\r\n  </li>\r\n  <li><strong>Unghi ascuțit</strong> – are măsura <strong>mai mică de 90°</strong>.\r\n  </li>\r\n  <li><strong>Unghi obtuz</strong> – are măsura <strong>mai mare de 90°</strong>, dar <strong>mai mică de 180°</strong>.\r\n  </li>\r\n</ol>\r\n', '<h2>Rezumat - Unghiuri</h2>\r\n<p>\r\nUn <strong>unghi</strong> este figura geometrică formată din două semidrepte care au aceeași origine (numită vârf). Unghiurile se măsoară cu <strong>raportorul</strong>, iar unitatea de măsură este <strong>gradul</strong> (°).\r\n</p>\r\n<p>\r\nÎn funcție de măsura lor, unghiurile se clasifică în: nul (0°), drept (90°), alungit (180°), ascuțit (&lt; 90°) și obtuz (&gt; 90°).\r\n</p>\r\n', 8),
	(43, 'Lectia 2-Calcule cu măsuri de unghiuri', NULL, NULL, '<h2>Calcule cu măsuri de unghiuri</h2>\r\n\r\n<h3>Unități de măsură:</h3>\r\n<ul>\r\n  <li>1 grad (°) = 60 minute (′)</li>\r\n  <li>1 minut (′) = 60 secunde (″)</li>\r\n  <li>1 grad = 3600 secunde</li>\r\n</ul>\r\n\r\n<hr>\r\n\r\n<h3>Adunare</h3>\r\n<p><strong>Exemplu 1:</strong> 22° 13′ + 14° 26′</p>\r\n<ul>\r\n  <li>Grade: 22 + 14 = 36°</li>\r\n  <li>Minute: 13′ + 26′ = 39′</li>\r\n</ul>\r\n<p><strong>Rezultat:</strong> 36° 39′</p>\r\n\r\n<p><strong>Exemplu 2:</strong> 18° 12′ 30″ + 11° 25′ 12″</p>\r\n<ul>\r\n  <li>Grade: 18 + 11 = 29°</li>\r\n  <li>Minute: 12′ + 25′ = 37′</li>\r\n  <li>Secunde: 30″ + 12″ = 42″</li>\r\n</ul>\r\n<p><strong>Rezultat:</strong> 29° 37′ 42″</p>\r\n\r\n<p><strong>Observație:</strong> Dacă sec/min ≥ 60, se transformă în unitatea superioară.</p>\r\n\r\n---\r\n\r\n<h3>Scădere</h3>\r\n<p><strong>Exemplu:</strong> 23° 12′ 36″ − 9° 12′ 18″</p>\r\n<ul>\r\n  <li>Grade: 23 − 9 = 14°</li>\r\n  <li>Minute: 12 − 12 = 0′</li>\r\n  <li>Secunde: 36 − 18 = 18″</li>\r\n</ul>\r\n<p><strong>Rezultat:</strong> 14° 18″</p>\r\n\r\n<p><strong>Observație:</strong> Dacă nu putem scădea (ex: 15′ − 37′), împrumutăm 1 grad = 60′.</p>\r\n\r\n---\r\n\r\n<h3>Înmulțire cu număr natural</h3>\r\n<p><strong>Exemplu:</strong> 2 × (14° 10′ 23″)</p>\r\n<ul>\r\n  <li>Grade: 2 × 14 = 28°</li>\r\n  <li>Minute: 2 × 10 = 20′</li>\r\n  <li>Secunde: 2 × 23 = 46″</li>\r\n</ul>\r\n<p><strong>Rezultat:</strong> 28° 20′ 46″</p>\r\n\r\n<p><strong>Exemplu cu depășiri:</strong> 3 × (58° 23′ 42″) = 174° 69′ 126″</p>\r\n<ul>\r\n  <li>126″ = 2′ 6″ → 69′ + 2′ = 71′</li>\r\n  <li>71′ = 1° 11′ → 174° + 1° = 175°</li>\r\n</ul>\r\n<p><strong>Rezultat final:</strong> 175° 11′ 6″</p>\r\n\r\n---\r\n\r\n<h3>Împărțire la un număr natural</h3>\r\n<p><strong>Exemplu:</strong> (84° 32′ 18″) ÷ 2</p>\r\n<ul>\r\n  <li>Grade: 84 ÷ 2 = 42°</li>\r\n  <li>Minute: 32 ÷ 2 = 16′</li>\r\n  <li>Secunde: 18 ÷ 2 = 9″</li>\r\n</ul>\r\n<p><strong>Rezultat:</strong> 42° 16′ 9″</p>\r\n\r\n<p><strong>Exemplu complex:</strong> (87° 59′ 42″) ÷ 2</p>\r\n<ul>\r\n  <li>Transformăm: 87° → 86° + 60′, 59′ → 58′ + 60″</li>\r\n  <li>Grade: 86 ÷ 2 = 43°</li>\r\n  <li>Minute: (60 + 58) ÷ 2 = 59′</li>\r\n  <li>Secunde: (60 + 42) ÷ 2 = 51″</li>\r\n</ul>\r\n<p><strong>Rezultat final:</strong> 43° 59′ 51″</p>\r\n', '<h2>Rezumat - Calcule cu măsuri de unghiuri</h2>\r\n<p>\r\nMăsurile unghiurilor se exprimă în grade (°), minute (′) și secunde (″). 1 grad = 60 minute, iar 1 minut = 60 secunde.\r\n</p>\r\n<p>\r\nPutem efectua: <strong>adunări, scăderi, înmulțiri și împărțiri</strong> cu aceste măsuri, având grijă să transformăm corect atunci când minutele sau secundele depășesc 60.\r\n</p>\r\n', 8),
	(44, 'Lectia 3 -Unghiuri adiacente. Bisectoarea unui unghi', NULL, NULL, '<h2>Unghiuri congruente, adiacente și bisectoare</h2>\r\n\r\n<h3>Definiții:</h3>\r\n<ul>\r\n  <li><strong>Unghi congruent:</strong> două unghiuri care au măsura egală.</li>\r\n  <li><strong>Unghiuri adiacente:</strong> au vârf comun, o latură comună și sunt situate de o parte și de alta a acesteia.</li>\r\n  <li><strong>Bisectoare:</strong> semidreapta care pornește din vârful unghiului și îl împarte în două unghiuri egale.</li>\r\n</ul>\r\n\r\n---\r\n\r\n<h3>🔍 Problemă 1</h3>\r\n<p>\r\nUnghiurile &ang;AOB = 30° și &ang;BOC = 40° sunt <strong>adiacente</strong>. Se cere măsura unghiului format de <strong>bisectoarele</strong> lor.\r\n</p>\r\n\r\n<h4>Rezolvare:</h4>\r\n<ul>\r\n  <li>OM = bisectoarea unghiului AOB → &ang;MOB = 30° ÷ 2 = <strong>15°</strong></li>\r\n  <li>ON = bisectoarea unghiului BOC → &ang;BON = 40° ÷ 2 = <strong>20°</strong></li>\r\n  <li>Unghiul format de OM și ON este &ang;MON = &ang;MOB + &ang;BON = <strong>15° + 20° = 35°</strong></li>\r\n</ul>\r\n\r\n---\r\n\r\n<h3>🔍 Problemă 2</h3>\r\n<p>\r\nPunctele B, O, C sunt coliniare (în această ordine). A și D se află de o parte și de alta a dreptei BC. &ang;AOB = 50°, iar &ang;AOD = 90°. Se cere măsura unghiului format de <strong>bisectoarele unghiurilor BOD și AOC</strong>.\r\n</p>\r\n\r\n<h4>Rezolvare pas cu pas:</h4>\r\n\r\n<ol>\r\n  <li>\r\n    &ang;AOD = 90°, &ang;AOB = 50° ⇒ &ang;BOD = 90° − 50° = <strong>40°</strong>\r\n  </li>\r\n  <li>\r\n    OM = bisectoarea unghiului BOD ⇒ &ang;MOB = 40° ÷ 2 = <strong>20°</strong>\r\n  </li>\r\n  <li>\r\n    Punctele B, O, C coliniare ⇒ &ang;BOC = 180° ⇒ &ang;AOC = 180° − 50° = <strong>130°</strong>\r\n  </li>\r\n  <li>\r\n    ON = bisectoarea unghiului AOC ⇒ &ang;AON = 130° ÷ 2 = <strong>65°</strong>\r\n  </li>\r\n  <li>\r\n    Unghiul format de bisectoarele OM și ON: &ang;MON = &ang;MOB + &ang;BOA + &ang;AON = 20° + 50° + 65° = <strong>135°</strong>\r\n  </li>\r\n</ol>\r\n\r\n<p><strong>Răspuns final:</strong> Măsura unghiului MON este <strong>135°</strong>.</p>\r\n', '<h2>Rezumat - Unghiuri congruente, adiacente și bisectoare</h2>\r\n<p>\r\nDouă unghiuri sunt <strong>congruente</strong> dacă au aceeași măsură. Sunt <strong>adiacente</strong> dacă au un vârf comun, o latură comună și se află de o parte și de alta a acesteia.\r\n</p>\r\n<p>\r\nO <strong>bisectoare</strong> este o semidreaptă cu originea în vârful unui unghi, situată în interiorul acestuia, care împarte unghiul în două unghiuri congruente.\r\n</p>\r\n', 8),
	(45, 'Lectia 4-Unghiuri suplementare. Unghiuri complementare', NULL, NULL, '<h2>Unghiuri complementare și suplementare</h2>\r\n\r\n<h3>Definiții:</h3>\r\n<ul>\r\n  <li><strong>Unghiuri complementare:</strong> două unghiuri a căror sumă este <strong>90°</strong>.</li>\r\n  <li><strong>Unghiuri suplementare:</strong> două unghiuri a căror sumă este <strong>180°</strong>.</li>\r\n</ul>\r\n\r\n<h3>Exemple:</h3>\r\n<ul>\r\n  <li>35° și 55° sunt complementare (35 + 55 = 90°).</li>\r\n  <li>60° și 120° sunt suplementare (60 + 120 = 180°).</li>\r\n</ul>\r\n\r\n<h3>Proprietăți importante:</h3>\r\n<ul>\r\n  <li>Dacă două unghiuri au același complement, atunci sunt <strong>congruente</strong>.</li>\r\n  <li>Dacă două unghiuri au același suplement, atunci sunt <strong>congruente</strong>.</li>\r\n  <li>Dacă două unghiuri sunt <strong>complementare și congruente</strong>, fiecare are <strong>45°</strong>.</li>\r\n  <li>Dacă două unghiuri sunt <strong>suplementare și congruente</strong>, fiecare are <strong>90°</strong>.</li>\r\n  <li><strong>Bisectoarele</strong> a două unghiuri <strong>adiacente și suplementare</strong> formează un <strong>unghi drept</strong>.</li>\r\n</ul>\r\n', '<h2>Rezumat - Unghiuri complementare și suplementare</h2>\r\n<p>\r\nDouă unghiuri sunt <strong>complementare</strong> dacă suma măsurilor lor este <strong>90°</strong>. Sunt <strong>suplementare</strong> dacă suma măsurilor lor este <strong>180°</strong>.\r\n</p>\r\n<p>\r\nDacă două unghiuri complementare sau suplementare sunt și congruente, atunci măsura fiecăruia este, respectiv, 45° sau 90°. Bisectoarele unghiurilor adiacente și suplementare formează un unghi drept.\r\n</p>\r\n', 8),
	(46, 'Lectia 5-Unghiuri opuse la vârf', NULL, NULL, '<h2>Unghiuri opuse la vârf</h2>\r\n\r\n<h3>Definiție:</h3>\r\n<p>\r\nDouă unghiuri sunt <strong>opuse la vârf</strong> dacă au <strong>vârful comun</strong>, iar laturile lor sunt <strong>semidrepte opuse</strong>. Adică, laturile unui unghi sunt prelungiri ale laturilor celuilalt.\r\n</p>\r\n\r\n<h3>Exemple:</h3>\r\n<ul>\r\n  <li>&#8736;AOB și &#8736;COD sunt unghiuri opuse la vârf.</li>\r\n  <li>&#8736;AOC și &#8736;BOD sunt unghiuri opuse la vârf.</li>\r\n</ul>\r\n\r\n<h3>Proprietate:</h3>\r\n<p>\r\n<strong>Două unghiuri opuse la vârf sunt congruente.</strong> Asta înseamnă că:\r\n</p>\r\n<ul>\r\n  <li>&#8736;AOB ≡ &#8736;COD</li>\r\n  <li>&#8736;AOC ≡ &#8736;BOD</li>\r\n</ul>\r\n\r\n<h3>Reprezentare geometrică:</h3>\r\n<p>\r\nDacă două drepte se intersectează, ele formează două perechi de unghiuri opuse la vârf.\r\n</p>\r\n', '<h2>Rezumat - Unghiuri opuse la vârf</h2>\r\n<p>\r\nDouă unghiuri sunt <strong>opuse la vârf</strong> dacă au același vârf și laturile lor sunt semidrepte opuse.\r\n</p>\r\n<p>\r\nAceste unghiuri sunt <strong>congruente</strong>, adică au aceeași măsură.\r\n</p>\r\n', 8),
	(47, 'Lectia 6-Unghiuri în jurul unui punct', NULL, NULL, '<h2>Unghiuri formate în jurul unui punct</h2>\r\n\r\n<h3>Definiție:</h3>\r\n<p>\r\nTrei sau mai multe unghiuri se numesc <strong>unghiuri formate în jurul unui punct</strong> dacă:\r\n</p>\r\n<ul>\r\n  <li>Au <strong>vârful comun</strong> (de exemplu, punctul O);</li>\r\n  <li>Au <strong>interioarele disjuncte</strong> (nu se suprapun);</li>\r\n  <li>Împreună acoperă <strong>întreg planul</strong> în jurul punctului comun.</li>\r\n</ul>\r\n\r\n<h3>Exemplu:</h3>\r\n<p>\r\n&#8736;AOB, &#8736;BOC, &#8736;COD, &#8736;DOA sunt unghiuri formate în jurul punctului O.\r\n</p>\r\n\r\n<h3>Proprietate:</h3>\r\n<p>\r\nSuma măsurilor unghiurilor formate în jurul unui punct este <strong>360°</strong>. Adică:\r\n</p>\r\n<p>\r\nm(&#8736;AOB) + m(&#8736;BOC) + m(&#8736;COD) + m(&#8736;DOA) = <strong>360°</strong>\r\n</p>\r\n\r\n<h3>Observație:</h3>\r\n<p>\r\nAceastă regulă este valabilă indiferent de numărul unghiurilor, atâta timp cât acoperă complet planul în jurul punctului comun.\r\n</p>\r\n', '<h2>Rezumat - Unghiuri în jurul unui punct</h2>\r\n<p>\r\nTrei sau mai multe unghiuri sunt <strong>formate în jurul unui punct</strong> dacă:\r\n</p>\r\n<ul>\r\n  <li>Au vârful comun;</li>\r\n  <li>Interioarele lor nu se suprapun (sunt disjuncte);</li>\r\n  <li>Împreună acoperă întreg planul în jurul punctului comun.</li>\r\n</ul>\r\n<p>\r\n<strong>Suma măsurilor acestor unghiuri este întotdeauna 360°.</strong>\r\n</p>\r\n', 8),
	(48, 'Lectia 1-Aria triunghiului', NULL, NULL, '<h2>Aria triunghiului</h2>\r\n\r\n<h3>1. Formula generală:</h3>\r\n<p>\r\nAria unui triunghi se calculează cu formula:\r\n</p>\r\n<p style="text-align: center;">\r\n<strong>A<sub>△ABC</sub> = (BC × AM) / 2</strong>\r\n</p>\r\n<ul>\r\n  <li><strong>BC</strong> – baza triunghiului (o latură aleasă ca referință)</li>\r\n  <li><strong>AM</strong> – înălțimea corespunzătoare bazei (perpendiculară pe BC din vârful opus A)</li>\r\n</ul>\r\n<p>\r\nScris generic:\r\n</p>\r\n<p style="text-align: center;">\r\n<strong>A<sub>△</sub> = (B × h) / 2</strong>\r\n</p>\r\n\r\n<h3>2. Triunghiul dreptunghic:</h3>\r\n<p>\r\nDacă triunghiul este dreptunghic, putem considera catetele ca fiind baza și înălțimea.\r\n</p>\r\n<p style="text-align: center;">\r\n<strong>A<sub>△dr</sub> = (c<sub>1</sub> × c<sub>2</sub>) / 2</strong>\r\n</p>\r\n<ul>\r\n  <li><strong>c<sub>1</sub></strong> și <strong>c<sub>2</sub></strong> – catetele triunghiului dreptunghic</li>\r\n</ul>\r\n\r\n<h3>Observații:</h3>\r\n<ul>\r\n  <li>Această formulă se aplică pentru orice triunghi, indiferent de tip.</li>\r\n  <li>În cazul triunghiului dreptunghic, formula este mai rapid de aplicat folosind catetele.</li>\r\n</ul>\r\n', '<h2>Rezumat - Aria triunghiului</h2>\r\n<p>\r\nAria unui triunghi se calculează ca <strong>semiprodusul dintre o latură și înălțimea corespunzătoare acesteia</strong>.\r\n</p>\r\n<p>\r\nFormula generală:\r\n<br>\r\n<strong>A<sub>triunghi</sub> = (Bază × Înălțime) / 2</strong>\r\n</p>\r\n<p>\r\nÎn cazul triunghiului dreptunghic, aria este <strong>semiprodusul catetelor</strong>:\r\n<br>\r\n<strong>A<sub>triunghi dreptunghic</sub> = (cateta1 × cateta2) / 2</strong>\r\n</p>\r\n', 9),
	(49, 'Lectia 2- Arii triunghiuri', NULL, NULL, '<h2>Definiția triunghiului</h2>\r\n<p>\r\nTriunghiul este figura geometrică formată prin unirea a trei puncte necoliniare prin segmente: \r\n<code>[AB] ∪ [BC] ∪ [CA] = △ABC</code>.\r\n</p>\r\n<ul>\r\n  <li><strong>A, B, C</strong> – vârfuri</li>\r\n  <li><strong>[AB], [BC], [CA]</strong> – laturi</li>\r\n  <li><strong>∠BAC, ∠ABC, ∠ACB</strong> – unghiuri interne</li>\r\n</ul>\r\n\r\n<h2>Clasificarea triunghiurilor</h2>\r\n\r\n<h3>1. După lungimea laturilor</h3>\r\n<ul>\r\n  <li><strong>Triunghi echilateral</strong>: toate laturile sunt egale</li>\r\n  <li><strong>Triunghi isoscel</strong>: două laturi egale</li>\r\n  <li><strong>Triunghi scalen</strong>: toate laturile au lungimi diferite</li>\r\n</ul>\r\n\r\n<h3>2. După mărimea unghiurilor</h3>\r\n<ul>\r\n  <li><strong>Triunghi ascuțitunghic</strong>: toate unghiurile sunt &lt; 90°</li>\r\n  <li><strong>Triunghi dreptunghic</strong>: un unghi de 90°</li>\r\n  <li><strong>Triunghi obtuzunghic</strong>: un unghi &gt; 90°</li>\r\n</ul>\r\n\r\n<h2>Formule pentru aria triunghiului</h2>\r\n<ul>\r\n  <li><strong>Aria generală:</strong> A = (l × h<sub>l</sub>) / 2</li>\r\n  <li><strong>Triunghi dreptunghic:</strong> A = (b × c) / 2</li>\r\n  <li><strong>Triunghi echilateral:</strong> A = (l² × √3) / 4</li>\r\n  <li><strong>Aria în funcție de semiperimetru (Heron):</strong> A = √[p(p−a)(p−b)(p−c)]</li>\r\n  <li><strong>Aria cu rază:</strong> A = p × r</li>\r\n  <li><strong>Aria cu raza cercului circumscris:</strong> A = (abc) / (4R)</li>\r\n  <li><strong>Aria cu sinus:</strong> A = (ab × sin∠C) / 2</li>\r\n</ul>\r\n\r\n<h3>Formule avansate (pentru aprofundare):</h3>\r\n<pre>\r\nA = (D² × sinα × sinβ × sinγ) / 2\r\nA = √[(a²b² + a²c² + b²c² − a⁴ − b⁴ − c⁴) / 4]\r\nA = √[(a² + b² + c²)² − 2(a⁴ + b⁴ + c⁴)] / 4\r\n</pre>\r\n', '<h2>Triunghiul – Definiție, Clasificare, Formule</h2>\r\n<p>\r\nTriunghiul este o figură geometrică formată din trei puncte distincte necoliniare, unite prin trei segmente. Este una dintre cele mai fundamentale forme din geometrie.\r\n</p>\r\n<ul>\r\n  <li>Are 3 laturi, 3 vârfuri și 3 unghiuri interne.</li>\r\n  <li>Este clasificat după <strong>laturi</strong> (echilateral, isoscel, scalen) și <strong>unghiuri</strong> (ascuțitunghic, dreptunghic, obtuzunghic).</li>\r\n  <li>Există multiple formule pentru calculul ariei triunghiului, în funcție de datele cunoscute.</li>\r\n</ul>\r\n', 9),
	(50, 'Lectia 3-Aria triunghiului echilateral', NULL, NULL, '<h2>Triunghiul echilateral</h2>\r\n<p>\r\nUn triunghi echilateral are toate cele trei laturi congruente și toate unghiurile interne egale cu 60°. Este o figură geometrică regulată și complet simetrică.\r\n</p>\r\n\r\n<p>Notăm: <strong>△ABC</strong> echilateral &rArr; <strong>AB ≡ AC ≡ BC</strong></p>\r\n\r\n<h3>Proprietăți</h3>\r\n<ul>\r\n  <li><strong>Toate unghiurile sunt egale</strong>: ∠A = ∠B = ∠C = 60°.</li>\r\n  <li><strong>Liniile importante coincid</strong>: înălțimea, bisectoarea, mediana și mediatoarea din același vârf sunt una și aceeași.</li>\r\n  <li><strong>Toate centrele triunghiului coincid</strong>: centrul cercului circumscris, înscris, ortocentrul și centrul de greutate se află în același punct (notat O).</li>\r\n</ul>\r\n\r\n<h3>Formula ariei triunghiului echilateral</h3>\r\n<p>\r\nDacă <strong>l</strong> este lungimea unei laturi, atunci:\r\n</p>\r\n\r\n<p style="text-align: center; font-weight: bold;">\r\nA = (l² × √3) / 4\r\n</p>\r\n\r\n<p>\r\nAceasta derivă din formula ariei generale a triunghiului și înălțimea specifică triunghiului echilateral.\r\n</p>\r\n\r\n<h3>Exemplu:</h3>\r\n<p>\r\nCalculați aria unui triunghi echilateral cu latura de 6 cm.\r\n</p>\r\n<p>\r\nA = (6² × √3) / 4 = (36 × √3) / 4 = 9√3 cm² ≈ 15.59 cm²\r\n</p>\r\n', '<h2>Aria triunghiului echilateral – Rezumat</h2>\r\n<p>\r\nTriunghiul echilateral este un poligon regulat cu toate laturile și unghiurile egale. Fiecare unghi intern are 60°, iar liniile importante (înălțimi, mediane, bisectoare) coincid și formează axe de simetrie. Aria se calculează cu formula:\r\n</p>\r\n<p style="text-align: center; font-weight: bold;">\r\nA = (l² × √3) / 4\r\n</p>\r\n<p>\r\nunde <strong>l</strong> este lungimea laturii triunghiului.\r\n</p>\r\n', 9),
	(51, 'Lectia 4-Aria triunghiului isoscel', NULL, NULL, '<h2>Triunghiul isoscel</h2>\r\n<p>\r\nTriunghiul isoscel este un triunghi care are două laturi de lungime egală (congruente), iar a treia latură se numește <strong>bază</strong>. Unghiurile de la baza triunghiului isoscel sunt și ele egale.\r\n</p>\r\n\r\n<h3>Proprietăți importante</h3>\r\n<ul>\r\n  <li>Înălțimea din vârful opus bazei este și <strong>mediana</strong>, <strong>mediatoarea</strong> și <strong>bisectoarea</strong>.</li>\r\n  <li>Are o axă de simetrie verticală pe mijlocul bazei.</li>\r\n</ul>\r\n\r\n<h3>Formula ariei triunghiului isoscel</h3>\r\n<p>Dacă <strong>b</strong> este baza și <strong>h</strong> este înălțimea corespunzătoare bazei:</p>\r\n\r\n<p style="text-align: center; font-weight: bold;">\r\nA = (b × h) / 2\r\n</p>\r\n\r\n<h4>Exemplu:</h4>\r\n<p>\r\nFie un triunghi isoscel cu baza <strong>b = 10 cm</strong> și înălțime <strong>h = 6 cm</strong>. Atunci:\r\n</p>\r\n<p style="text-align: center;">\r\nA = (10 × 6) / 2 = 60 / 2 = <strong>30 cm²</strong>\r\n</p>\r\n\r\n<h3>Formula lui Heron (pentru orice triunghi, inclusiv isoscel)</h3>\r\n<p>\r\nDacă cunoști toate cele trei laturi (a, b, c), aria se calculează astfel:\r\n</p>\r\n<p style="text-align: center; font-weight: bold;">\r\nA = √[p(p − a)(p − b)(p − c)]\r\n</p>\r\n<p>\r\nunde:\r\n<ul>\r\n  <li><strong>a</strong>, <strong>b</strong>, <strong>c</strong> – laturile triunghiului</li>\r\n  <li><strong>p</strong> – semiperimetrul: p = (a + b + c) / 2</li>\r\n</ul>\r\n</p>\r\n\r\n<h4>Exemplu cu Heron:</h4>\r\n<p>\r\nTriunghi cu laturi: a = 6 cm, b = 6 cm, c = 8 cm.\r\n</p>\r\n<p>\r\np = (6 + 6 + 8)/2 = 10<br>\r\nA = √[10(10 − 6)(10 − 6)(10 − 8)] = √(10 × 4 × 4 × 2) = √320 ≈ <strong>17.89 cm²</strong>\r\n</p>\r\n', '<h2>Aria triunghiului isoscel – Rezumat</h2>\r\n<p>\r\nTriunghiul isoscel are două laturi egale și o bază diferită. Înălțimea trasată din vârful opus bazei este și bisectoare, mediană și mediatoare. Aria se calculează folosind:\r\n</p>\r\n<p style="text-align: center; font-weight: bold;">\r\nA = (b × h) / 2\r\n</p>\r\n<p>\r\nsau, pentru triunghiuri în care se cunosc toate cele trei laturi:\r\n</p>\r\n<p style="text-align: center; font-weight: bold;">\r\nA = √[p(p − a)(p − b)(p − c)] &nbsp; <i>(Formula lui Heron)</i>\r\n</p>\r\n<p>\r\nunde <strong>p</strong> este semiperimetrul: p = (a + b + c) / 2.\r\n</p>\r\n', 9),
	(52, 'Lectia 5-Aria triunghiului dreptunghic', NULL, NULL, '<h2>Triunghiul dreptunghic</h2>\r\n<p>\r\nTriunghiul dreptunghic este un triunghi care are un unghi drept (de 90°). Latura opusă unghiului drept se numește <strong>ipotenuză</strong>, iar celelalte două laturi se numesc <strong>catete</strong>.\r\n</p>\r\n\r\n<h3>Formule pentru aria triunghiului dreptunghic</h3>\r\n\r\n<h4>1. Cu catetele c₁ și c₂</h4>\r\n<p>\r\nFolosim această formulă când cunoaștem lungimile celor două catete:\r\n</p>\r\n<p style="text-align: center; font-weight: bold;">\r\nA = (c₁ × c₂) / 2\r\n</p>\r\n\r\n<h4>Exemplu:</h4>\r\n<p>\r\nTriunghi cu catete c₁ = 6 cm și c₂ = 8 cm:<br>\r\nA = (6 × 8) / 2 = 48 / 2 = <strong>24 cm²</strong>\r\n</p>\r\n\r\n<h4>2. Cu ipotenuza (i) și înălțimea (h) pe ea</h4>\r\n<p>\r\nFolosim această formulă când avem lungimea ipotenuzei și înălțimea corespunzătoare:\r\n</p>\r\n<p style="text-align: center; font-weight: bold;">\r\nA = (i × h) / 2\r\n</p>\r\n\r\n<h4>Exemplu:</h4>\r\n<p>\r\nTriunghi cu ipotenuză i = 10 cm și înălțime h = 4.8 cm:<br>\r\nA = (10 × 4.8) / 2 = 48 / 2 = <strong>24 cm²</strong>\r\n</p>\r\n\r\n<h3>Observație</h3>\r\n<p>\r\nAmbele formule dau același rezultat pentru același triunghi, deoarece exprimă aceeași arie în moduri diferite.\r\n</p>\r\n', '<h2>Aria triunghiului dreptunghic – Rezumat</h2>\r\n<p>\r\nUn triunghi dreptunghic are un unghi de 90°. Aria sa poate fi calculată în două moduri:\r\n</p>\r\n<ol>\r\n  <li><strong>Folosind catetele:</strong> A = (c₁ × c₂) / 2</li>\r\n  <li><strong>Folosind ipotenuza și înălțimea pe ipotenuză:</strong> A = (i × h) / 2</li>\r\n</ol>\r\n', 9),
	(53, 'Lectia 6-Aria triunghiului dreptunghic isoscel', NULL, NULL, '<h2>Triunghiul dreptunghic isoscel</h2>\r\n<p>\r\nUn triunghi <strong>dreptunghic</strong> are un unghi de 90°, iar <strong>isoscel</strong> înseamnă că cele două catete (laturile care formează unghiul drept) sunt congruente. Latura opusă unghiului drept se numește <strong>ipotenuză</strong>.\r\n</p>\r\n\r\n<h3>Proprietăți ale triunghiului dreptunghic isoscel</h3>\r\n<ul>\r\n  <li>Catetele au lungimi egale: c₁ = c₂ = c</li>\r\n  <li>Unghiurile ascuțite au fiecare 45°, deoarece: (180° − 90°) / 2 = 45°</li>\r\n</ul>\r\n\r\n<h3>Formula ariei</h3>\r\n\r\n<h4>1. Cu catetele c</h4>\r\n<p>\r\nFiind egale, folosim:\r\n</p>\r\n<p style="text-align: center; font-weight: bold;">\r\nA = (c × c) / 2 = c² / 2\r\n</p>\r\n\r\n<h4>Exemplu:</h4>\r\n<p>\r\nTriunghi cu catete c = 6 cm:<br>\r\nA = 6² / 2 = 36 / 2 = <strong>18 cm²</strong>\r\n</p>\r\n\r\n<h4>2. Cu ipotenuza (i) și înălțimea (h)</h4>\r\n<p>\r\nDacă cunoști ipotenuza și înălțimea dusă pe ea:\r\n</p>\r\n<p style="text-align: center; font-weight: bold;">\r\nA = (i × h) / 2\r\n</p>\r\n\r\n<h4>Exemplu:</h4>\r\n<p>\r\nTriunghi cu i = 10 cm și h = 3.6 cm:<br>\r\nA = (10 × 3.6) / 2 = 36 / 2 = <strong>18 cm²</strong>\r\n</p>\r\n\r\n<h3>Observație</h3>\r\n<p>\r\nÎn triunghiul dreptunghic isoscel, ipotenuza se poate calcula cu teorema lui Pitagora:<br>\r\ni = c√2\r\n</p>\r\n', '<h2>Aria triunghiului dreptunghic isoscel – Rezumat</h2>\r\n<p>\r\nUn triunghi dreptunghic isoscel are două catete egale și un unghi drept. Unghiurile ascuțite au fiecare 45°. Aria poate fi calculată cu:\r\n</p>\r\n<ul>\r\n  <li><strong>Formula cu catetele:</strong> A = (c²) / 2</li>\r\n  <li><strong>Formula cu ipotenuza și înălțimea:</strong> A = (i × h) / 2</li>\r\n</ul>\r\n', 9);

-- Dumping structure for table teste.questions
DROP TABLE IF EXISTS `questions`;
CREATE TABLE IF NOT EXISTS `questions` (
  `question_id` int(11) NOT NULL AUTO_INCREMENT,
  `text` text DEFAULT NULL,
  PRIMARY KEY (`question_id`)
) ENGINE=InnoDB AUTO_INCREMENT=96 DEFAULT CHARSET=utf8mb4 COLLATE=utf8mb4_uca1400_ai_ci;

-- Dumping data for table teste.questions: ~91 rows (approximately)
DELETE FROM `questions`;
INSERT INTO `questions` (`question_id`, `text`) VALUES
	(1, 'Scrieți cu cifre arabe numărul: douăzeci de mii treisprezece.'),
	(2, 'Ce clase conține numărul 386754?'),
	(3, 'Scrieți cu cifre arabe numărul: MD'),
	(4, 'Scrieți cu cifre arabe numărul: XL.'),
	(5, 'Scrieți cu cifre romane numărul: 2449'),
	(6, 'Aproximați până la zeci, prin lipsă și adaos numărul 245.'),
	(7, 'Aproximați prin lipsă până la sute numărul 3452.'),
	(8, 'Aproximați prin adaos până la sute numărul 1758.'),
	(9, 'Rotunjiți până la zeci numărul 65.'),
	(10, 'Rotunjiți până la sute numărul 725.'),
	(11, 'Calculați folosind proprietățiile adunării: 72 + (52 +34)'),
	(12, 'Calculați folosind proprietățiile adunării: 8064 + 4624'),
	(13, 'Calculați folosind proprietățiile adunării: 344 + 125 + 124 + 155'),
	(14, 'Calculați folosind proprietățiile adunării: 35 + 14 + 22'),
	(15, 'Calculați folosind proprietățiile adunării: 63 + 48 + 32 + 17'),
	(16, 'Calculați folosind Suma lui Gauss: 1 + 2 + 3 +....+ 17'),
	(17, 'Calculați folosind Suma lui Gauss: 1 + 2 + 3 + ..... + 88'),
	(18, 'Calculați folosind suma lui Gauss: 1 + 2 + 3 +...+ 99'),
	(19, 'Suma 1 + 2 + 3 + ... + 30 are ca rezultat:'),
	(20, 'Suma 1 + 2 + 3 + ... + 15 are ca rezultat una din valorile:'),
	(21, 'Calculați: 348 - 218'),
	(22, 'Calculați: 676 - 237 - 84'),
	(23, 'Aflați cifra care lipsește: 32 ☐ 6-142=3114'),
	(24, 'Aflați cifra care lipsește: 4096-1 ☐25= 2271'),
	(25, 'Calculați a - b + c, dacă a - b = 25 și c = 51.                    '),
	(26, 'Calculați folosind factorul comun: 23*16+11*23+15*23'),
	(27, 'Calculați folosind factorul comun: 400 * 399 - 99 * 400 - 300 * 399'),
	(28, 'Calculați folosind factorul comun:64 × 121 − 105 × 64 + 16 × 32'),
	(29, 'Dacă\na * b = 40\nși\na * c = 16,\natunci\na * (b + c)\neste: ?'),
	(30, 'Dacă a = 10 și b + c = 4, atunci calculați expresia: \r\n5 * b + 5 * c + 7 * a'),
	(31, 'Calculați folosind proprietățiile înmulțirii: 2*17*5'),
	(32, 'Calculați folosind proprietățiile înmulțirii: 12 * 10 * 3'),
	(33, 'Calculați folosind distributivitatea înmulțirii față de adunare: 4*(85+25) \r\n\r\n'),
	(34, 'Calculați folosind distributivitatea înmulțirii față de scădere: 14 *( 125 - 15 )'),
	(35, 'Dacă a = 12, d = 7 și b + c = 35, atunci :a * (b + c) + d * (b + c)\r\n este:'),
	(36, 'Calculați 1430 : 55.'),
	(37, 'Calculați 24624 : 81'),
	(38, 'Calculați câtul și restul împarțirii: 23587 : 153'),
	(39, 'Calculați câtul și restul împărțirii: 98765 : 123'),
	(40, 'Calculați câtul și restul împarțirii: 52457 : 8.'),
	(41, 'Determinați numărul natural n care împărțit la 4 dă câtul 184 și restul 2.'),
	(42, 'Determinați toate numerele naturale mai mici ca 90 care împărțite la 33 au restul și câtul egale între ele.'),
	(43, 'Determinați câtul și împărțitorul unei împărțiri, diferiți de 1, știind că deîmpărțitul este 36 și restul 2.'),
	(44, 'Aflați două numere naturale știind că diferența lor este 43 și unul împărțit la celălalt dă câtul 4 și restul 7.'),
	(45, 'Suma a cinci numere naturale consecutive se împarte la 21 și se obține câtul 9 și restul 6.'),
	(46, 'Efectuaţi:13 × 2^2014 − 5 × 2^2015 − 2 × 2^2013\r\n'),
	(47, 'Rezultatul calculului:(3^2)^5 * (3^3)^4 ÷ 9^9 * 27\r\neste:'),
	(48, 'Găsiți toate numerele naturale de forma:\r\nxy pentru yx care este pătrat perfect.'),
	(49, 'Aflați numărul natural x astfel încât să fie îndeplinită relația:\r\n\r\n5 *( 2) ^3x+1 + 3 * 4^x * 2^x - 8^x+1=40'),
	(50, 'Verificaţi dacă numărul  N= 5 * n^2011 + 5 * n^2010 + 3^(2n + 2) + 3^(2n + 1)\r\n este pătrat perfect și alegeți varianta corectă.'),
	(51, 'Stabiliți care sunt relațiile adevărate:'),
	(52, '0 este:'),
	(53, 'Numărul 6 :'),
	(54, 'Se dau numerele: 24, 45, 130, 2394, 75, 128, 125. Scrieți numerele divizibile cu 2.'),
	(55, 'Scrieți numerele divizibile cu 5, mai mari decât 8 și mai mici decât 42.'),
	(56, 'Scrieți numerele naturale divizibile cu 10, cuprinse între 54 și 128.'),
	(57, 'Fie mulțimea M={3,5,7,11,12,13}.Bifati relatiile adevarate:'),
	(58, 'Fie mulțimea A = { x | x este cifră }. Enumerați elementele mulțimii A.'),
	(59, 'Enumerați elementele mulțimii\nB = { x | x este număr natural, 183 < x < 190 }\n\n'),
	(60, 'Fie mulțimea\nM = { 6, 7, a, 8, b, 9, c }\nStabiliți care sunt propozițiile adevărate:'),
	(61, 'Fie\nA = { 2, 4, 6, x, y, z }\nStabiliți care sunt propozițiile adevărate:\n\n'),
	(62, 'ie M = { x | x este cifră pară },\nN = { x | x ∈ ℕ și x < 15 }.\nCe relație se poate stabili între cele două mulțimi?'),
	(63, 'Fie mulțimile\nA = { 5, 6, 7, 8 }\nB = { 7, 8, 9, 10 }\nAflați A ∪ B.\n\n'),
	(64, 'Fie\nA = { 10, 11, 12, 13, 14 }\nB = { 11, 13, 15, 16 }\nAflați A ∩ B.'),
	(65, 'Fie\nA = { 10, 20, 30, 40 }\nB = { 20, 25, 30, 35 }\nAflați A \\ B.'),
	(66, 'Scrise sub formă de fracție o jumatate, o optime, un sfert (în această ordine) sunt următoarele fracţii ordinare:'),
	(67, 'Scrieți fracțiile ce se pot forma cu numerele din fiecare pereche:\n(2, 7), (3, 4), (2, 3)'),
	(68, 'crieți fracțiile ce se pot forma cu elementele mulțimii { 2, 3, 5 }.\n\n'),
	(69, 'Mulţimea A, a fracțiilor supraunitare care au numărătorul 5 și numitorul mai mic decât 9, este:'),
	(70, 'Se dă mulțimea\nM = { 3/4, 7/13, 15^0/1, 111/112, 28/3², 2³/8 }\n\nAtunci mulțimea\nA = { x | x ∈ M și x este fracție subunitară }\neste:'),
	(71, 'Câte fracții supraunitare au numitorul 11?'),
	(72, 'Calculați:\n4/9 + 11/9 + 3/9'),
	(73, 'Adunați următoarele fracții:\n3/4 + 6/4 + 5/4\n\n'),
	(74, 'Adunați următoarele fracții:\n3/6 + 5/6 + 7/6\n\n'),
	(75, 'Mulţimea divizorilor naturali ai numărului 8 este:\n\n'),
	(76, 'Precizaţi perechile de numere prime între ele dintre:'),
	(77, 'Dacă\n10 : 2, 16 : 2, 24 : 2,\natunci:'),
	(78, 'Care dintre numerele de mai jos sunt numere de forma 13x  divizibile cu 2?'),
	(79, 'Alegeţi care dintre următoarele numere sunt numere prime:'),
	(80, 'Numărul 8 descompus în produs de factori primi este:'),
	(81, 'c.m.m.d.c. al numerelor 840 si 1008 este:'),
	(82, 'Aflați un număr pe care dacă îl înmulțim cu 7/5 obținem același rezultat ca și atunci când îl adunăm cu 14.'),
	(83, 'Rezolvați ecuația:\n4(2x − 3) + 5 = 7x − 12'),
	(84, 'Rezolvați următoarea inecuație:\n\n2\n(\n3\n𝑥\n−\n5\n)\n−\n2\n𝑥\n−\n2\n≤\n4\n(\n2\n𝑥\n−\n1\n)\n2(3x−5)−2x−2≤4(2x−1)'),
	(85, 'Fie un triunghi cu lungimile laturilor de 3 cm, 4 cm şi 5 cm. Atunci semiperimetrul triunghiului este:'),
	(86, 'Perimetrul unui triunghi isoscel ABC cu AB=AC=4 cm şi BC=5 cm este:'),
	(87, 'Un triunghi dreptunghic are catetele (laturile care formează unghiul drept) de 30 cm și 40 cm, iar ipotenuza (latura care se opune unghiului drept) de 50 cm. Calculați perimetrul triunghiului.'),
	(88, 'Perimetrul unui triunghi echilateral cu latura de 6 cm este:'),
	(89, 'Un unghi cu măsura mai mică de30 to the power of 0se numeşte unghi:'),
	(90, 'ezultatul calculului\n27° 13\' 17\'\' + 7° 54\' 13\'\' este:'),
	(91, 'Dacă d este bisectoarea unui unghi drept, atunci unghiurile formate au măsura de:'),
	(92, 'Măsura suplementului unui unghi cu măsura de 80° este:\n\n'),
	(93, 'Două unghiuri opuse la vârf au:'),
	(94, 'Fie unghiurile ∠AOB, ∠BOC, ∠COA unghiuri în jurul unui punct.\nDacă\nm(∠AOB) = 40°\nși\nm(∠BOC) este de două ori mai mare decât m(∠AOB),\natunci m(∠COA) este:\n\n'),
	(95, 'Fie triunghiul ABC dreptunghic având catetele AB= 15 cm și AC= 20 cm. Atunci aria triunghiului ABC este:');

-- Dumping structure for table teste.questions_for_lecture
DROP TABLE IF EXISTS `questions_for_lecture`;
CREATE TABLE IF NOT EXISTS `questions_for_lecture` (
  `lecture_id` int(11) DEFAULT NULL,
  `question_id` int(11) DEFAULT NULL
) ENGINE=InnoDB DEFAULT CHARSET=utf8mb4 COLLATE=utf8mb4_uca1400_ai_ci;

-- Dumping data for table teste.questions_for_lecture: ~93 rows (approximately)
DELETE FROM `questions_for_lecture`;
INSERT INTO `questions_for_lecture` (`lecture_id`, `question_id`) VALUES
	(1, 1),
	(1, 2),
	(1, 3),
	(1, 4),
	(1, 5),
	(10, 6),
	(10, 7),
	(10, 8),
	(10, 9),
	(10, 10),
	(11, 11),
	(11, 12),
	(11, 13),
	(11, 14),
	(11, 15),
	(12, 16),
	(12, 17),
	(12, 18),
	(12, 19),
	(12, 20),
	(13, 21),
	(13, 22),
	(13, 23),
	(13, 24),
	(13, 25),
	(14, 26),
	(14, 27),
	(14, 28),
	(14, 29),
	(14, 30),
	(15, 31),
	(15, 32),
	(15, 33),
	(15, 34),
	(15, 35),
	(16, 36),
	(16, 37),
	(16, 38),
	(16, 39),
	(16, 40),
	(17, 41),
	(17, 42),
	(17, 43),
	(17, 44),
	(17, 45),
	(18, 46),
	(18, 47),
	(18, 48),
	(18, 49),
	(18, 50),
	(19, 51),
	(19, 52),
	(19, 53),
	(20, 54),
	(20, 55),
	(20, 56),
	(21, 57),
	(21, 58),
	(21, 59),
	(22, 60),
	(22, 61),
	(22, 62),
	(23, 63),
	(23, 64),
	(23, 65),
	(24, 66),
	(24, 67),
	(24, 68),
	(25, 69),
	(25, 70),
	(25, 71),
	(26, 72),
	(26, 73),
	(26, 74),
	(27, 75),
	(28, 76),
	(29, 77),
	(30, 78),
	(31, 79),
	(32, 80),
	(33, 81),
	(34, 82),
	(35, 83),
	(36, 84),
	(37, 85),
	(38, 86),
	(39, 87),
	(40, 88),
	(42, 89),
	(43, 90),
	(44, 91),
	(45, 92),
	(46, 93),
	(47, 94),
	(48, 95);

-- Dumping structure for table teste.question_answers
DROP TABLE IF EXISTS `question_answers`;
CREATE TABLE IF NOT EXISTS `question_answers` (
  `question_id` int(11) DEFAULT NULL,
  `answer_id` int(11) DEFAULT NULL,
  `is_right_answer` tinyint(1) DEFAULT NULL
) ENGINE=InnoDB DEFAULT CHARSET=utf8mb4 COLLATE=utf8mb4_uca1400_ai_ci;

-- Dumping data for table teste.question_answers: ~459 rows (approximately)
DELETE FROM `question_answers`;
INSERT INTO `question_answers` (`question_id`, `answer_id`, `is_right_answer`) VALUES
	(1, 1, 0),
	(1, 2, 0),
	(1, 3, 0),
	(1, 4, 1),
	(1, 5, 0),
	(2, 6, 0),
	(2, 7, 1),
	(2, 8, 0),
	(2, 9, 0),
	(2, 10, 0),
	(3, 11, 0),
	(3, 12, 0),
	(3, 13, 1),
	(3, 14, 0),
	(3, 15, 0),
	(4, 16, 0),
	(4, 17, 0),
	(4, 18, 1),
	(4, 19, 0),
	(4, 20, 0),
	(5, 21, 1),
	(5, 22, 0),
	(5, 23, 0),
	(5, 24, 0),
	(5, 25, 0),
	(6, 26, 0),
	(6, 27, 1),
	(6, 28, 0),
	(6, 29, 0),
	(6, 30, 0),
	(7, 31, 0),
	(7, 32, 0),
	(7, 33, 1),
	(7, 34, 0),
	(7, 35, 0),
	(8, 36, 0),
	(8, 37, 0),
	(8, 38, 1),
	(8, 39, 0),
	(8, 40, 0),
	(9, 41, 0),
	(9, 42, 0),
	(9, 43, 0),
	(9, 44, 1),
	(9, 45, 0),
	(10, 46, 0),
	(10, 47, 1),
	(10, 48, 0),
	(10, 49, 0),
	(10, 50, 0),
	(11, 51, 0),
	(11, 52, 1),
	(11, 53, 0),
	(11, 54, 0),
	(11, 55, 0),
	(12, 56, 1),
	(12, 57, 0),
	(12, 58, 0),
	(12, 59, 0),
	(12, 60, 0),
	(13, 61, 0),
	(13, 62, 0),
	(13, 63, 0),
	(13, 64, 1),
	(13, 65, 0),
	(14, 66, 0),
	(14, 67, 1),
	(14, 68, 0),
	(14, 69, 0),
	(14, 70, 0),
	(15, 71, 0),
	(15, 72, 0),
	(15, 73, 1),
	(15, 74, 0),
	(15, 75, 0),
	(16, 76, 0),
	(16, 77, 0),
	(16, 78, 1),
	(16, 79, 0),
	(16, 80, 0),
	(17, 81, 1),
	(17, 82, 0),
	(17, 83, 0),
	(17, 84, 0),
	(17, 85, 0),
	(18, 86, 0),
	(18, 87, 1),
	(18, 88, 0),
	(18, 89, 0),
	(18, 90, 0),
	(19, 91, 0),
	(19, 92, 1),
	(20, 93, 0),
	(20, 94, 0),
	(20, 95, 1),
	(21, 96, 1),
	(21, 97, 0),
	(21, 98, 0),
	(21, 99, 0),
	(21, 100, 0),
	(22, 101, 1),
	(22, 102, 0),
	(22, 103, 0),
	(22, 104, 0),
	(22, 105, 0),
	(23, 106, 0),
	(23, 107, 1),
	(23, 108, 0),
	(23, 109, 0),
	(23, 110, 0),
	(24, 111, 0),
	(24, 112, 0),
	(24, 113, 1),
	(24, 114, 0),
	(24, 115, 0),
	(25, 116, 0),
	(25, 117, 0),
	(25, 118, 1),
	(25, 119, 0),
	(25, 120, 0),
	(26, 121, 1),
	(26, 122, 0),
	(26, 123, 0),
	(26, 124, 0),
	(26, 125, 0),
	(27, 126, 0),
	(27, 127, 1),
	(27, 128, 0),
	(27, 129, 0),
	(27, 130, 0),
	(28, 131, 0),
	(28, 132, 0),
	(28, 133, 1),
	(28, 134, 0),
	(28, 135, 0),
	(29, 136, 0),
	(29, 137, 1),
	(29, 138, 0),
	(29, 139, 0),
	(29, 140, 0),
	(30, 141, 0),
	(30, 142, 0),
	(30, 143, 1),
	(30, 144, 0),
	(30, 145, 0),
	(31, 146, 0),
	(31, 147, 1),
	(31, 148, 0),
	(31, 149, 0),
	(31, 150, 0),
	(32, 151, 0),
	(32, 152, 0),
	(32, 153, 1),
	(32, 154, 0),
	(32, 155, 0),
	(33, 156, 0),
	(33, 157, 0),
	(33, 158, 1),
	(33, 159, 0),
	(33, 160, 0),
	(34, 161, 0),
	(34, 162, 0),
	(34, 163, 0),
	(34, 164, 1),
	(34, 165, 0),
	(35, 166, 0),
	(35, 167, 0),
	(35, 168, 1),
	(35, 169, 0),
	(35, 170, 0),
	(36, 171, 0),
	(36, 172, 0),
	(36, 173, 1),
	(36, 174, 0),
	(36, 175, 0),
	(37, 176, 0),
	(37, 177, 1),
	(37, 178, 0),
	(37, 179, 0),
	(37, 180, 0),
	(38, 181, 0),
	(38, 182, 1),
	(38, 183, 0),
	(38, 184, 0),
	(38, 185, 0),
	(39, 186, 0),
	(39, 187, 1),
	(39, 188, 0),
	(39, 189, 0),
	(39, 191, 0),
	(40, 192, 0),
	(40, 193, 1),
	(40, 194, 0),
	(40, 195, 0),
	(40, 196, 0),
	(41, 197, 0),
	(41, 198, 0),
	(41, 199, 1),
	(41, 200, 0),
	(41, 190, 0),
	(41, 201, 0),
	(41, 202, 0),
	(42, 203, 0),
	(42, 204, 0),
	(42, 205, 0),
	(42, 206, 0),
	(42, 208, 1),
	(43, 207, 0),
	(43, 209, 0),
	(43, 210, 0),
	(43, 211, 1),
	(43, 212, 0),
	(44, 213, 0),
	(44, 214, 1),
	(44, 215, 0),
	(44, 216, 0),
	(44, 217, 0),
	(45, 218, 1),
	(45, 219, 0),
	(45, 220, 0),
	(46, 221, 0),
	(46, 222, 0),
	(46, 223, 1),
	(46, 224, 0),
	(46, 225, 0),
	(47, 226, 0),
	(47, 227, 0),
	(47, 228, 0),
	(47, 229, 1),
	(47, 230, 0),
	(48, 231, 0),
	(48, 232, 0),
	(48, 233, 1),
	(48, 234, 0),
	(48, 235, 0),
	(49, 236, 0),
	(49, 237, 0),
	(49, 238, 1),
	(49, 239, 0),
	(49, 240, 0),
	(50, 241, 0),
	(50, 242, 1),
	(51, 243, 1),
	(51, 244, 1),
	(51, 245, 1),
	(51, 246, 0),
	(51, 247, 0),
	(52, 248, 1),
	(52, 249, 1),
	(52, 250, 0),
	(52, 251, 0),
	(52, 252, 0),
	(53, 254, 1),
	(53, 253, 0),
	(54, 259, 1),
	(53, 255, 0),
	(53, 256, 0),
	(53, 257, 0),
	(54, 258, 0),
	(55, 266, 1),
	(54, 260, 0),
	(54, 261, 0),
	(54, 262, 0),
	(55, 263, 0),
	(55, 264, 0),
	(55, 265, 0),
	(56, 270, 1),
	(55, 267, 0),
	(56, 268, 0),
	(56, 269, 0),
	(57, 273, 1),
	(56, 271, 0),
	(56, 272, 0),
	(57, 275, 1),
	(57, 274, 0),
	(57, 276, 1),
	(58, 278, 1),
	(58, 277, 0),
	(59, 282, 1),
	(58, 279, 0),
	(58, 280, 0),
	(58, 281, 0),
	(60, 287, 1),
	(59, 283, 0),
	(59, 284, 0),
	(59, 285, 0),
	(59, 286, 0),
	(60, 289, 1),
	(60, 288, 0),
	(61, 294, 1),
	(60, 290, 0),
	(60, 291, 0),
	(61, 292, 0),
	(61, 293, 0),
	(61, 295, 1),
	(61, 296, 1),
	(62, 298, 1),
	(62, 297, 0),
	(62, 299, 0),
	(62, 300, 0),
	(62, 301, 0),
	(63, 302, 0),
	(64, 307, 1),
	(63, 303, 0),
	(63, 304, 0),
	(63, 305, 0),
	(64, 306, 0),
	(64, 308, 0),
	(64, 309, 0),
	(64, 310, 0),
	(65, 311, 0),
	(65, 312, 1),
	(65, 313, 0),
	(65, 314, 0),
	(65, 315, 0),
	(66, 315, 0),
	(66, 316, 1),
	(66, 317, 0),
	(66, 318, 0),
	(66, 319, 0),
	(67, 320, 0),
	(67, 321, 1),
	(67, 322, 0),
	(67, 323, 0),
	(67, 324, 0),
	(68, 325, 0),
	(68, 326, 0),
	(68, 327, 0),
	(68, 328, 0),
	(68, 329, 1),
	(69, 330, 1),
	(69, 331, 0),
	(69, 332, 0),
	(69, 333, 0),
	(69, 334, 0),
	(70, 335, 0),
	(70, 336, 1),
	(70, 337, 0),
	(70, 338, 0),
	(70, 339, 0),
	(71, 340, 0),
	(71, 341, 0),
	(71, 342, 0),
	(71, 343, 0),
	(71, 344, 1),
	(72, 345, 1),
	(72, 346, 0),
	(72, 347, 0),
	(72, 348, 0),
	(72, 349, 0),
	(73, 350, 0),
	(73, 351, 1),
	(73, 352, 0),
	(73, 353, 0),
	(73, 354, 0),
	(74, 355, 0),
	(74, 356, 0),
	(74, 357, 1),
	(74, 358, 0),
	(74, 359, 0),
	(75, 360, 1),
	(75, 361, 0),
	(75, 362, 0),
	(75, 363, 0),
	(75, 364, 0),
	(76, 365, 1),
	(76, 366, 1),
	(76, 367, 0),
	(76, 368, 0),
	(76, 369, 0),
	(77, 370, 0),
	(77, 371, 0),
	(77, 372, 1),
	(77, 373, 0),
	(77, 374, 0),
	(78, 376, 0),
	(78, 378, 0),
	(78, 375, 1),
	(78, 377, 1),
	(78, 379, 1),
	(79, 380, 0),
	(79, 381, 1),
	(79, 382, 1),
	(79, 383, 0),
	(79, 384, 1),
	(80, 385, 0),
	(80, 386, 1),
	(80, 387, 0),
	(80, 388, 0),
	(80, 389, 0),
	(81, 390, 1),
	(81, 391, 0),
	(82, 392, 0),
	(82, 393, 0),
	(82, 394, 1),
	(82, 395, 0),
	(82, 396, 0),
	(83, 397, 0),
	(83, 398, 0),
	(83, 399, 0),
	(83, 400, 0),
	(83, 401, 1),
	(84, 402, 0),
	(84, 403, 1),
	(84, 404, 0),
	(84, 405, 0),
	(84, 406, 0),
	(85, 407, 0),
	(85, 408, 0),
	(85, 409, 0),
	(85, 410, 0),
	(85, 411, 1),
	(86, 412, 0),
	(86, 413, 0),
	(86, 414, 0),
	(86, 415, 0),
	(87, 416, 0),
	(87, 417, 0),
	(87, 418, 1),
	(87, 419, 0),
	(87, 420, 0),
	(88, 421, 0),
	(88, 422, 0),
	(88, 423, 1),
	(88, 424, 0),
	(88, 425, 0),
	(89, 426, 0),
	(89, 427, 0),
	(89, 428, 0),
	(89, 429, 1),
	(89, 430, 0),
	(90, 432, 1),
	(90, 431, 0),
	(90, 433, 0),
	(90, 434, 0),
	(90, 435, 0),
	(91, 436, 0),
	(91, 437, 0),
	(91, 438, 1),
	(91, 439, 0),
	(91, 440, 0),
	(92, 441, 0),
	(92, 442, 1),
	(92, 443, 0),
	(92, 444, 0),
	(92, 445, 0),
	(93, 446, 0),
	(93, 447, 0),
	(93, 448, 1),
	(93, 449, 0),
	(93, 450, 0),
	(94, 451, 0),
	(94, 452, 0),
	(94, 453, 0),
	(94, 454, 0),
	(94, 455, 1),
	(95, 456, 0),
	(95, 457, 0),
	(95, 458, 0),
	(95, 459, 1),
	(95, 460, 0);

-- Dumping structure for table teste.required_lecture
DROP TABLE IF EXISTS `required_lecture`;
CREATE TABLE IF NOT EXISTS `required_lecture` (
  `current_lecture_id` int(11) DEFAULT NULL,
  `required_lecture_id` int(11) DEFAULT NULL
) ENGINE=InnoDB DEFAULT CHARSET=utf8mb4 COLLATE=utf8mb4_uca1400_ai_ci;

-- Dumping data for table teste.required_lecture: ~4 rows (approximately)
DELETE FROM `required_lecture`;
INSERT INTO `required_lecture` (`current_lecture_id`, `required_lecture_id`) VALUES
	(5, 4),
	(2, 1),
	(3, 1),
	(3, 1);

-- Dumping structure for table teste.subjects
DROP TABLE IF EXISTS `subjects`;
CREATE TABLE IF NOT EXISTS `subjects` (
  `subject_id` int(11) NOT NULL AUTO_INCREMENT,
  `name` varchar(100) NOT NULL,
  PRIMARY KEY (`subject_id`)
) ENGINE=InnoDB AUTO_INCREMENT=4 DEFAULT CHARSET=utf8mb4 COLLATE=utf8mb4_uca1400_ai_ci;

-- Dumping data for table teste.subjects: ~3 rows (approximately)
DELETE FROM `subjects`;
INSERT INTO `subjects` (`subject_id`, `name`) VALUES
	(1, 'Algebră'),
	(2, 'Algebră'),
	(3, 'Geometrie');

/*!40103 SET TIME_ZONE=IFNULL(@OLD_TIME_ZONE, 'system') */;
/*!40101 SET SQL_MODE=IFNULL(@OLD_SQL_MODE, '') */;
/*!40014 SET FOREIGN_KEY_CHECKS=IFNULL(@OLD_FOREIGN_KEY_CHECKS, 1) */;
/*!40101 SET CHARACTER_SET_CLIENT=@OLD_CHARACTER_SET_CLIENT */;
/*!40111 SET SQL_NOTES=IFNULL(@OLD_SQL_NOTES, 1) */;
